selfies,Compound ID,ESOL predicted log solubility in mols per litre,Minimum Degree,Molecular Weight,Number of H-Bond Donors,Number of Rings,Number of Rotatable Bonds,Polar Surface Area,measured log solubility in mols per litre
[C][C][Branch1][C][C][=C][C][C][C][Branch1][C][C][=C][C][=O],citral,-2.579,1,152.237,0,0,4,17.07,-2.06
[C][C][C][C][=C],1-Pentene ,-2.01,1,70.135,0,0,2,0.0,-2.68
[C][C][C][C][C][C][C][C][C][C][C][C][C][C],Tetradecane,-5.45,1,198.39399999999995,0,0,11,0.0,-7.96
[C][C][Branch1][C][C][Cl],2-Chloropropane,-1.585,1,78.542,0,0,0,0.0,-1.41
[C][C][C][Branch1][C][C][C][O],2-Methylbutanol,-1.027,1,88.14999999999999,1,0,2,20.23,-0.47
[C][C][C][C][C][C][C][C][C][C][Branch1][C][C][O],2-Undecanol,-3.096,1,172.312,1,0,8,20.23,-2.94
[C][C][O][P][=Branch1][C][=S][Branch1][Ring2][O][C][C][S][C][S][C][C],Phorate,-3.747,1,260.386,0,0,8,18.46,-4.11
[C][C][C][C][C][C][C][O],1-Heptanol,-1.751,1,116.204,1,0,5,20.23,-1.81
[C][C][C][C][C][C][C][C][=Branch1][C][=O][O][C],Methyl octanoate,-2.608,1,158.241,0,0,6,26.3,-3.17
[C][C][O][P][=Branch1][C][=S][Branch1][Ring2][O][C][C][S][C][S][C][Branch1][C][C][Branch1][C][C][C],Terbufos,-4.367,1,288.44,0,0,7,18.46,-4.755
[Cl][C][=Branch1][C][=C][Cl],"1,1-Dichloroethylene",-1.939,1,96.944,0,0,0,0.0,-1.64
[C][C][C][C][C][=O],Valeraldehyde,-1.103,1,86.13399999999999,0,0,3,17.07,-0.85
[C][C][C][C][C][C][C][I],1-Iodoheptane,-3.904,1,226.101,0,0,5,0.0,-4.81
[O][C][C][C][C][=C],4-Pentene-1-ol,-0.7909999999999999,1,86.134,1,0,3,20.23,-0.15
[C][C][Branch1][C][C][O][C][=O],Isopropyl formate,-0.684,1,88.106,0,0,2,26.3,-0.63
[C][C][C][C][C][C][Branch1][C][C][O],2-Heptanol ,-1.6780000000000002,1,116.20399999999998,1,0,4,20.23,-1.55
[C][C][C][C][C][C][C][#C],1-Octyne ,-2.509,1,110.2,0,0,4,0.0,-3.66
[C][C][Branch1][C][C][C][C][C][Branch1][C][C][Branch1][C][C][C],"2,2,5-Trimethylhexane",-3.631,1,128.259,0,0,2,0.0,-5.05
[C][C][C][C][=Branch1][C][=O][C],2-Pentanone,-0.846,1,86.13399999999999,0,0,2,17.07,-0.19
[C][C][C][O][C][=Branch1][C][=O][C][C],Methyl butyrate,-1.545,1,116.15999999999998,0,0,3,26.3,-0.82
[C][C][C][Branch1][C][Br][Branch1][Ring1][C][C][C][=Branch1][C][=O][N][C][Branch1][C][N][=O],Carbromal,-2.198,1,237.097,2,0,3,72.19,-2.68
[C][C][C][C][C][=Branch1][C][=O][O][C][C],Pentyl propanoate,-1.899,1,130.18699999999998,0,0,4,26.3,-2.25
[C][C][Branch1][C][C][C][C][O][C][=Branch1][C][=O][C],Isopentyl acetate,-1.817,1,130.18699999999998,0,0,3,26.3,-1.92
[C][C][C][Br],1-Bromopropane,-1.949,1,122.993,0,0,1,0.0,-1.73
[C][O][P][=Branch1][C][=S][Branch1][Ring1][O][C][S][C][C][=Branch1][C][=O][N][Branch1][C][C][C][=O],Formothion,-2.087,1,257.273,0,0,6,55.84,-1.995
[N][C][=Branch1][C][=S][N],Thiourea,0.3289999999999999,1,76.12400000000001,2,0,0,52.04,0.32
[Cl][C][Branch1][C][Cl][Branch1][C][Cl][C][Branch1][C][Cl][Branch1][C][Cl][Cl],Hexachloroethane,-4.215,1,236.74,0,0,0,0.0,-3.67
[C][C][C][O][C][Branch1][C][C][C],Propylisopropylether,-1.354,1,102.17699999999998,0,0,3,9.23,-1.34
[Cl][C][Cl],Dichloromethane,-1.156,1,84.93299999999999,0,0,0,0.0,-0.63
[C][O][C][=O],Methyl formate,-0.048,1,60.05200000000001,0,0,1,26.3,0.58
[C][C][Branch1][C][C][C],2-Methylpropane,-1.891,1,58.124,0,0,0,0.0,-2.55
[C][C][C][C][C],Pentane,-2.261,1,72.151,0,0,2,0.0,-3.18
[C][C][C][C][=Branch1][C][=C][C],2-Methyl-1-Pentene,-2.3480000000000003,1,84.16199999999999,0,0,2,0.0,-3.03
[C][C][Branch1][C][C][C][Branch1][C][C][C][Branch1][C][C][C],"2,3,4-Trimethylpentane",-3.276,1,114.232,0,0,2,0.0,-4.8
[C][C][C][C][C][C][C][C][C][=C],1-Decene,-3.781,1,140.26999999999998,0,0,7,0.0,-5.51
[C][C][=Branch1][C][=O][O][C][C][Branch1][Branch2][C][O][C][=Branch1][C][=O][C][O][C][=Branch1][C][=O][C],Glyceryl triacetate,-1.285,1,218.205,0,0,5,78.9,-0.6
[C][C][C][C][C][C][C][Br],1-Bromoheptane,-3.366,1,179.101,0,0,5,0.0,-4.43
[C][C][O][C][=Branch1][C][=O][C][C][=Branch1][C][=O][O][C][C],Malonic acid diethylester,-1.413,1,160.16899999999998,0,0,4,52.60000000000001,-0.82
[C][C][/C][=C][/C],trans-2-Pentene ,-2.076,1,70.135,0,0,1,0.0,-2.54
[Cl][C][=C][Branch1][C][Cl][Cl],Trichloroethylene,-2.312,1,131.389,0,0,0,0.0,-1.96
[C][O],Methanol,0.441,1,32.042,1,0,0,20.23,1.57
[C][C][C][=Branch1][C][=O][C],2-Butanone,-0.491,1,72.107,0,0,1,17.07,0.52
[C][C][C][C][C][C][O],1-Hexanol,-1.3969999999999998,1,102.177,1,0,4,20.23,-1.24
[C][C][C][C][C][Cl],1-Chloropentane,-2.294,1,106.596,0,0,3,0.0,-2.73
[C][=C][C][=C],"1,3-Butadiene",-1.376,1,54.09199999999999,0,0,1,0.0,-1.87
[C][C][C][O][C][=Branch1][C][=O][C],Propyl acetate,-1.125,1,102.13299999999998,0,0,2,26.3,-0.72
[C][C][C][C][C][C][=O],Caproaldehyde,-1.457,1,100.161,0,0,4,17.07,-1.3
[C][C][Branch1][C][C][=C][C][C][/C][Branch1][C][C][=C][\C][O],Nerol,-2.603,1,154.253,1,0,4,20.23,-2.46
[C][I],Iodomethane,-1.646,1,141.939,0,0,0,0.0,-1.0
[C][C][C][C][C][=Branch1][C][=O][C][C][C][C],5-Nonanone,-2.329,1,142.242,0,0,6,17.07,-2.58
[C][C][C][Branch1][C][C][C][C],3-Methylpentane,-2.6,1,86.178,0,0,2,0.0,-3.68
[Cl][C][C][#N],Chloroacetonitrile,-0.4479999999999999,1,75.498,0,0,0,23.79,-0.092
[C][C][C][C][C][C][C][C][C][=Branch1][C][=O][O][C][C],Ethyl nonanoate,-3.3160000000000003,1,186.295,0,0,8,26.3,-3.8
[C][C][C][Branch1][C][C][Cl],2-Chlorobutane,-1.94,1,92.569,0,0,1,0.0,-1.96
[C][C][C][C][C][#C],1-Hexyne ,-1.801,1,82.14599999999999,0,0,2,0.0,-2.36
[C][C][C][C][C][C][C][C][#C],1-Nonyne ,-2.864,1,124.227,0,0,5,0.0,-4.24
[C][C][Branch1][C][C][O][C][Branch1][C][C][C],Diisopropyl ether ,-1.281,1,102.177,0,0,2,9.23,-1.1
[C][N][N],Methyl hydrazine,0.5429999999999999,1,46.073,2,0,0,38.05,1.34
[C][C][#C],Propyne,-0.672,1,40.065000000000005,0,0,0,0.0,-0.41
[C][C][N][P][=Branch1][C][=S][Branch1][Ring1][O][C][O][C][=Branch1][N][=C][C][=Branch1][C][=O][O][C][Branch1][C][C][C][C],Propetamphos,-2.826,1,281.314,1,0,7,56.790000000000006,-3.408
[C][=C][C][=O],Acrolein,-0.184,1,56.064,0,0,1,17.07,0.57
[C][C][C][Cl],1-Chloropropane,-1.585,1,78.542,0,0,1,0.0,-1.47
[C][C][O][C][=Branch1][C][=O][C],Ethyl acetate,-0.77,1,88.106,0,0,1,26.3,-0.04
[C][C][C][C][Branch1][C][C][Branch1][C][C][C],"2,2-Dimethylpentane",-2.938,1,100.20499999999998,0,0,1,0.0,-4.36
[C][C][C][C][O][C][=Branch1][C][=O][C][C][C][C][C][C][C][C][C][=Branch1][C][=O][O][C][C][C][C],dibutyl sebacate,-4.726,1,314.46600000000007,0,0,15,52.60000000000001,-3.896
[C][C][=Branch1][C][=C][C][=C],"2-Methyl-1,3-Butadiene ",-1.714,1,68.11900000000001,0,0,1,0.0,-2.03
[C][C][Branch1][C][C][=C][C][C][C][Branch1][C][O][Branch1][C][C][C][=C],linalool,-2.399,1,154.253,1,0,4,20.23,-1.99
[C][C][C][C][=Branch1][C][=O][C][C][C],4-Heptanone,-1.62,1,114.188,0,0,4,17.07,-1.3
[C][C][=Branch1][C][=O][C][Branch1][C][C][Branch1][C][C][C],"3,3-Dimethyl-2-butanone",-1.25,1,100.161,0,0,0,17.07,-0.72
[Cl][C][Branch1][C][Cl][Branch1][C][Cl][C][#N],Trichloroacetonitrile,-2.019,1,144.388,0,0,0,23.79,-2.168
[C][C][C][C][C][C][C][C][C][=Branch1][C][=O][C],2-Decanone,-2.617,1,156.269,0,0,7,17.07,-3.3
[C][S][C],Dimethyl sulfide,-0.758,1,62.137,0,0,0,0.0,-0.45
[C][C][O][C][=Branch1][C][=O][N],O-Ethyl carbamate,-0.218,1,89.09400000000001,1,0,1,52.32,0.85
[C][C][Branch1][C][C][C][Branch1][C][O][C][Branch1][C][C][C],"2,4-Dimethyl-3-pentanol",-1.6469999999999998,1,116.20399999999998,1,0,2,20.23,-1.22
[C][C][C][C][Br],1-Bromobutane,-2.303,1,137.01999999999998,0,0,2,0.0,-2.37
[C][C][Branch1][C][C][C][C][=Branch1][C][=O][C],4-Methyl-2-pentanone,-1.1840000000000002,1,100.161,0,0,2,17.07,-0.74
[O][C][C][Branch1][C][O][C][Branch1][C][O][C][Branch1][C][O][C][Branch1][C][O][C][O],Sorbitol,0.647,1,182.172,6,0,5,121.38,1.09
[C][C][S],Ethanethiol,-0.968,1,62.137,1,0,0,0.0,-0.6
[Cl][C][C][Branch1][C][Cl][Cl],"1,1,2-Trichloroethane",-1.961,1,133.405,0,0,1,0.0,-1.48
[C][C][C][C][C][C][C][Cl],1-Chloroheptane,-3.003,1,134.65,0,0,5,0.0,-4.0
[Cl][C][Branch1][C][Cl][C][Branch1][C][Cl][Cl],"1,1,2,2-Tetrachloroethane",-2.549,1,167.85,0,0,1,0.0,-1.74
[C][C][N][Branch1][Ring1][C][C][C][=Branch1][C][=O][C][=Branch1][=C][=C][C][O][P][=Branch1][C][=O][Branch1][Ring1][O][C][O][C][Cl],Dimecron,-2.426,1,299.6909999999999,0,0,8,65.07000000000001,0.523
[C][C][C][C][C][C][Cl],1-Chlorohexane,-2.648,1,120.623,0,0,4,0.0,-3.12
[C][C][C][C][C][C][C][C][C][C][C][C][C][C][C][C][C][C][C][C][C][C][C][C][C][C],hexacosane,-9.702,1,366.7180000000002,0,0,23,0.0,-8.334
[C][C][Branch1][C][Cl][Cl],"1,1-Dichloroethane",-1.5759999999999998,1,98.96,0,0,0,0.0,-1.29
[Cl][C][Branch1][C][Cl][Branch1][C][Cl][Cl],Tetrachloromethane,-2.607,1,153.823,0,0,0,0.0,-2.31
[C][O][C][Branch1][C][C][Branch1][C][C][C],Methyl t-butyl ether ,-0.984,1,88.14999999999999,0,0,0,9.23,-0.24
[C][C][C][C][C][C][C][C][C][C][C][C][C][C][C][C][O],1-Hexadecanol,-4.94,1,242.44699999999992,1,0,14,20.23,-7.0
[C][C][C][Branch1][C][C][Branch1][C][C][C][O],"2,2-Dimethyl-1-butanol",-1.365,1,102.17699999999998,1,0,2,20.23,-1.04
[C][C][C][O][C][=Branch1][C][=O][C][C][C],Ethyl pentanoate,-1.899,1,130.18699999999998,0,0,4,26.3,-1.75
[C][C][C][O][C][=O],Propyl formate,-0.757,1,88.10599999999998,0,0,3,26.3,-0.49
[C][C][Branch1][C][C][C][C][Branch1][C][C][C],"2,4-Dimethylpentane",-2.938,1,100.20499999999998,0,0,2,0.0,-4.26
[C][C][C][C][C][C][C][C][C][C][=Branch1][C][=O][O][C][C],Ethyl decanoate,-3.671,1,200.322,0,0,9,26.3,-4.1
[C][C][C][O][C][C],Ethyl propyl ether,-1.072,1,88.14999999999999,0,0,3,9.23,-0.66
[C][C][Branch1][C][C][O],2-Propanol,-0.261,1,60.096,1,0,0,20.23,0.43
[Cl][C][Branch1][C][Br][Br],Chlorodibromethane,-2.54,1,208.28,0,0,0,0.0,-1.9
[C][C][O][C][=Branch1][C][=O][C][C][Branch1][N][S][P][=Branch1][C][=S][Branch1][Ring1][O][C][O][C][C][=Branch1][C][=O][O][C][C],Malathion,-3.391,1,330.3640000000001,0,0,9,71.06,-3.37
[C][/C][=C][/C][=O],t-Crotonaldehyde,-0.604,1,70.09100000000001,0,0,1,17.07,0.32
[C][C][C][C][C][C][=Branch1][C][=O][O][C],Methyl hexanoate,-1.899,1,130.18699999999998,0,0,4,26.3,-1.87
[C][C][C][=Branch1][C][=O][O][C],Methyl propionate,-0.836,1,88.106,0,0,1,26.3,-0.14
[C][C][C][C][=Branch1][C][=O][O][C],Propyl butyrate,-1.1909999999999998,1,102.13299999999998,0,0,2,26.3,-1.92
[C][C][C][C][C][C][=Branch1][C][=O][O][C][C],Ethyl hexanoate,-2.254,1,144.21399999999997,0,0,5,26.3,-2.35
[C][C][C][C][C][C][C][=C],1-Octene ,-3.073,1,112.216,0,0,5,0.0,-4.44
[C][C][C][C][Branch1][C][O][C][C],3-Hexanol,-1.324,1,102.177,1,0,3,20.23,-0.8
[C][C][C][C][C][C][C][C][Branch1][C][C][O],2-Nonanol,-2.387,1,144.258,1,0,6,20.23,-2.74
[C][C][C][C][=Branch1][C][=O][C][C],3-Hexanone,-1.266,1,100.161,0,0,3,17.07,-0.83
[Cl][C][Br],Bromochloromethane,-1.519,1,129.384,0,0,0,0.0,-0.89
[C][C][N][Branch1][Ring1][C][C][C][=Branch1][C][=S][S][S][C][=Branch1][C][=S][N][Branch1][Ring1][C][C][C][C],Disulfiram,-3.862,1,296.5520000000001,0,0,4,6.48,-4.86
[C][C][C][C][C][C][C][C][O],1-Octanol,-2.105,1,130.23100000000002,1,0,6,20.23,-2.39
[C][C][S][C][C],Diethyl sulfide,-1.598,1,90.191,0,0,2,0.0,-1.34
[Cl][C][C][Cl],"1,2-Dichloroethane",-1.374,1,98.96,0,0,1,0.0,-1.06
[C][C][C][Branch1][C][C][Branch1][C][C][Cl],2-Chloro-2-methylbutane,-2.278,1,106.596,0,0,1,0.0,-2.51
[Cl][C][C][Br],1-Chloro-2-bromoethane,-1.7380000000000002,1,143.411,0,0,1,0.0,-1.32
[C][C][C][C][C][C][C][C][=C],1-Nonene ,-3.427,1,126.243,0,0,6,0.0,-5.05
[C][C][C][Branch1][C][C][Branch1][C][O][C][C],3-Methyl-3-pentanol,-1.308,1,102.17699999999998,1,0,2,20.23,-0.36
[C][C][C][C][C][Branch1][C][C][O],2-Hexanol,-1.324,1,102.17699999999998,1,0,3,20.23,-0.89
[C][C][C][C][C][O],1-Pentanol,-1.042,1,88.14999999999999,1,0,3,20.23,-0.6
[C][C][Branch1][C][C][C][Branch1][C][C][O],3-Methyl-2-butanol,-0.954,1,88.14999999999999,1,0,1,20.23,-0.18
[C][C][C][C][C][C][C][C][C][C][=Branch1][C][=O][O][C],Methyl decanoate,-3.3160000000000003,1,186.295,0,0,8,26.3,-4.69
[C][C][Branch1][C][C][C][Br],1-Bromo-2-methylpropane,-2.2880000000000003,1,137.01999999999998,0,0,1,0.0,-2.43
[C][C][I],Iodoethane,-2.066,1,155.966,0,0,0,0.0,-1.6
[C][C][C][C][C][C][Br],1-Bromohexane,-3.012,1,165.074,0,0,4,0.0,-3.81
[C][C][C][C][Branch1][C][C][C],2-Methylpentane,-2.6,1,86.178,0,0,2,0.0,-3.74
[Br][C][Branch1][C][Br][Br],Tribromomethane,-2.904,1,252.731,0,0,0,0.0,-1.91
[C][O][P][=Branch1][C][=O][Branch1][Ring1][O][C][C][Branch1][C][O][C][Branch1][C][Cl][Branch1][C][Cl][Cl],Trichlorfon,-1.866,1,257.437,1,0,3,55.760000000000005,-0.22
[C][C][Branch1][C][C][Br],2-Bromopropane,-1.949,1,122.993,0,0,0,0.0,-1.59
[C][C][Branch1][C][C][C][C][Branch1][C][C][Branch1][C][C][C],"2,2,4-Trimethylpentane",-3.276,1,114.232,0,0,1,0.0,-4.74
[C][C][C],Propane,-1.5530000000000002,1,44.097,0,0,0,0.0,-1.94
[C][C][O][C][=C],Ethyl vinyl ether,-0.857,1,72.10700000000001,0,0,2,9.23,-0.85
[C][C][C][#C],1-Butyne,-1.092,1,54.09199999999999,0,0,0,0.0,-1.24
[C][C][C][C][C][Branch1][C][C][Branch1][C][O][C][C],3-Methyl-3-heptanol,-2.017,1,130.23099999999997,1,0,4,20.23,-1.6
[C][C][#N],Acetonitrile,0.152,1,41.053,0,0,0,23.79,0.26
[Cl][C][C][Branch1][C][Cl][Branch1][C][Cl][Cl],"1,1,1,2-Tetrachloroethane",-2.794,1,167.85,0,0,0,0.0,-2.18
[C][C][C][C][O],1-Butanol,-0.688,1,74.12299999999999,1,0,2,20.23,0.0
[C][C][Branch1][C][C][C][C][O],3-Methylbutan-1-ol,-1.027,1,88.14999999999999,1,0,2,20.23,-0.51
[C][C][=Branch1][C][=C][C],2-Methylpropene,-1.5730000000000002,1,56.108,0,0,0,0.0,-2.33
[C][C][=Branch1][C][=C][C][=Branch1][C][=C][C],"2,3-Dimethyl-1,3-Butadiene",-2.052,1,82.146,0,0,1,0.0,-2.4
[C][C][C][I],1-Iodopropane,-2.486,1,169.993,0,0,1,0.0,-2.29
[C][C][C][O],1-Propanol,-0.3339999999999999,1,60.096,1,0,1,20.23,0.62
[C][C][C][C][Branch1][C][C][O],2-Pentanol,-0.97,1,88.14999999999999,1,0,2,20.23,-0.29
[Cl][C][=Branch1][=C][=C][Branch1][C][Cl][C][=Branch1][=Branch1][=C][Branch1][C][Cl][Cl][Cl][Cl],"Hexachloro-1,3-butadiene",-4.546,1,260.762,0,0,1,0.0,-4.92
[C][C][C][Branch1][C][C][C][C][O],3-Methyl-2-pentanol,-1.308,1,102.177,1,0,3,20.23,-0.71
[C][C][C][C][I],1-Iodobutane,-2.841,1,184.02,0,0,2,0.0,-2.96
[C][C][C][C][C][C][C][C][=Branch1][C][=O][O][C][C],Ethyl octanoate,-2.962,1,172.26799999999997,0,0,7,26.3,-3.39
[C][C][S][S][C][C],Diethyldisulfide,-2.364,1,122.258,0,0,3,0.0,-2.42
[C][C][O][C][C][O][C][C],"1,2-Diethoxyethane ",-0.833,1,118.176,0,0,5,18.46,-0.77
[C][C][C][C][C][C][=C],1-Heptene,-2.718,1,98.189,0,0,4,0.0,-3.73
[C][C][C][C][N][Branch1][Ring1][C][C][C][=Branch1][C][=O][S][C][C][C],Pebulate,-3.131,1,203.351,0,0,6,20.31,-3.53
[C][C][C][C][O][C][=O],Butyl acetate,-1.111,1,102.13299999999998,0,0,4,26.3,-1.37
[Br][C][Branch1][C][Cl][Cl],Bromodichloromethane,-2.176,1,163.82899999999998,0,0,0,0.0,-1.54
[C][Br],Bromomethane,-1.109,1,94.939,0,0,0,0.0,-0.79
[C][C][Branch1][C][C][C][=C],3-Methyl-1-Butene,-1.994,1,70.135,0,0,1,0.0,-2.73
[C][C],Ethane,-1.132,1,30.07,0,0,0,0.0,-1.36
[C][C][=Branch1][C][=O][N],Acetamide,0.494,1,59.068,1,0,0,43.09,1.58
[C][C][Branch1][C][O][C][Branch1][C][C][Branch1][C][C][C],"3,3-Dimethyl-2-butanol",-1.2919999999999998,1,102.177,1,0,0,20.23,-0.62
[C][C][C][C][=Branch1][C][=O][O][C][C],Methyl pentanoate,-1.545,1,116.15999999999998,0,0,3,26.3,-1.36
[C][C][C][C][C][C][C][C][C][O],1-Nonanol,-2.46,1,144.258,1,0,7,20.23,-3.01
[Br][C][Br],Dibromomethane,-1.883,1,173.83499999999998,0,0,0,0.0,-1.17
[C][C][S][C][=Branch1][C][=O][N][Branch1][#Branch1][C][C][Branch1][C][C][C][C][C][Branch1][C][C][C],Butylate,-3.4530000000000003,1,217.378,0,0,5,20.31,-3.68
[C][C][C][C][Cl],1-Chlorobutane,-1.94,1,92.569,0,0,2,0.0,-2.03
[C][C][N][C][=Branch1][C][=S][N][C][C],"1,3-diethylthiourea",-1.028,1,132.232,2,0,2,24.06,-1.46
[C][C][C][C][C][=Branch1][C][=O][O][C],Propyl propanoate,-1.545,1,116.15999999999998,0,0,3,26.3,-1.34
[C][C][C][C][C][O][C][=Branch1][C][=O][C][C],Ethyl butyrate,-2.254,1,144.21399999999997,0,0,5,26.3,-1.28
[C][C][Br],Bromoethane,-1.529,1,108.966,0,0,0,0.0,-1.09
[C][C][C][#C][C][C],3-Hexyne,-1.933,1,82.14599999999999,0,0,0,0.0,-1.99
[C][C][C][=Branch1][C][=C][C],2-Methyl-1-Butene,-1.994,1,70.13499999999999,0,0,1,0.0,-2.73
[C][C][O][C][Branch1][C][C][O][C][C],"1,1-Diethoxyethane ",-0.899,1,118.176,0,0,4,18.46,-0.43
[C][C][C][C][O][C][C][O],2-Butoxyethanol,-0.775,1,118.176,1,0,5,29.46,-0.42
[Cl][C][C][C][Cl],"1,3-Dichloropropane",-1.618,1,112.987,0,0,2,0.0,-1.62
[C][C][Branch1][C][C][C][Branch1][C][C][C],"2,3-Dimethylbutane",-2.584,1,86.178,0,0,1,0.0,-3.65
[C][C][C][=C],1-Butene,-1.655,1,56.108,0,0,1,0.0,-1.94
[F][C][Branch1][C][F][Branch1][C][Cl][C][Branch1][C][F][Branch1][C][Cl][Cl],"1,1,2-Trichlorotrifluoroethane",-3.077,1,187.37500000000003,0,0,1,0.0,-3.04
[C][C][C][#N],Propionitrile,-0.2689999999999999,1,55.07999999999999,0,0,0,23.79,0.28
[O][C][C][Branch1][C][O][C][O],Glycerol,0.688,1,92.094,3,0,2,60.69,1.12
[C][C][C][C][O][C],Methyl butyl ether ,-1.072,1,88.14999999999999,0,0,3,9.23,-0.99
[C][N][Branch1][C][C][C][=Branch1][C][=O][C],"N,N-Dimethylacetamide",0.123,1,87.12199999999999,0,0,0,20.31,1.11
[C][=C],Ethylene,-0.815,1,28.053999999999995,0,0,0,0.0,-0.4
[C][C][Branch1][C][C][Branch1][C][C][C][C][O],"3,3-Dimethyl-1-butanol",-1.365,1,102.177,1,0,1,20.23,-0.5
[C][C][Branch1][C][C][S][C][Branch1][C][C][C],Diisopropylsulfide,-2.162,1,118.245,0,0,2,0.0,-2.24
[C][C][O][P][=Branch1][C][=S][Branch1][Ring2][O][C][C][S][C][S][P][=Branch1][C][=S][Branch1][Ring2][O][C][C][O][C][C],Ethion,-5.471,1,384.4870000000002,0,0,12,36.92,-5.54
[C][C][C][C][Branch1][C][C][Branch1][C][C][C][O],"2,2-Dimethylpentanol",-1.719,1,116.20399999999998,1,0,3,20.23,-1.52
[C][C][C][O][C],Methyl propyl ether ,-0.718,1,74.12299999999999,0,0,2,9.23,-0.39
[C][C][Branch1][C][C][O][C][=Branch1][C][=O][C],Isopropyl acetate,-1.1909999999999998,1,102.133,0,0,1,26.3,-0.55
[Cl][C][=C],Chloroethylene,-1.188,1,62.499,0,0,0,0.0,-1.75
[Br][C][Branch1][C][Br][Branch1][C][Br][Br],Tetrabromomethane,-4.063,1,331.62699999999995,0,0,0,0.0,-3.14
[C][C][C][C][C][C][C][C][C],Nonane,-3.678,1,128.259,0,0,6,0.0,-5.88
[C][C][C][C][C][C][Branch1][C][C][C],2-Methylheptane,-3.3080000000000003,1,114.232,0,0,4,0.0,-5.08
[C][C][C][Branch1][C][O][C][Branch1][C][C][C],2-Methyl-3-pentanol,-1.308,1,102.177,1,0,2,20.23,-0.7
[C][C][C][C][C][C][C],Heptane,-2.97,1,100.205,0,0,4,0.0,-4.53
[C][C][C][C][C][C][=Branch1][C][=O][C],2-Heptanone,-1.554,1,114.188,0,0,4,17.07,-1.45
[C][C][C][C][S][P][=Branch1][C][=O][Branch1][=Branch1][S][C][C][C][C][S][C][C][C][C],DEF,-4.074,1,314.5220000000001,0,0,12,17.07,-5.14
[C][C][=C][Branch1][C][C][C],2-Methy-2-Butene,-1.994,1,70.13499999999999,0,0,0,0.0,-2.56
[C][C][C][C][Branch1][C][C][Branch1][C][O][C][C],3-Methyl-3-hexanol,-1.663,1,116.20399999999998,1,0,3,20.23,-0.98
[C][C][C][C][C][C][C][C],Octane,-3.324,1,114.232,0,0,5,0.0,-5.24
[C][C][C][=O],Propionaldehyde,-0.3939999999999999,1,58.08,0,0,1,17.07,0.58
[Cl][C][Branch1][C][Cl][Cl],Trichloromethane,-1.812,1,119.378,0,0,0,0.0,-1.17
[C][C][C][C][C][Branch1][Ring1][C][C][C][=O],2-Ethylhexanal,-2.232,1,128.21499999999995,0,0,5,17.07,-2.13
[C][C][C][Branch1][Ring1][C][C][C][=O],2-Ethylbutanal,-1.523,1,100.161,0,0,3,17.07,-1.52
[C][C][C][O][C][C][C],Dipropyl ether,-1.426,1,102.177,0,0,4,9.23,-1.62
[C][C][C][C][C][C][C][C][C][C][C][C][C][C][O],1-Tetradecanol,-4.231,1,214.393,1,0,12,20.23,-5.84
[N][C][=Branch1][C][=O][N],Urea,0.8320000000000001,1,60.056,2,0,0,69.11,0.96
[C][C][C][C][#C],1-Pentyne,-1.446,1,68.11899999999999,0,0,1,0.0,-1.64
[C][C][C][C][C][C][C][C][C][C][C][C][C][C][C][C][C][C][O],1-Octadecanol,-5.649,1,270.50099999999986,1,0,16,20.23,-8.4
[C][C][Branch1][C][C][C][C][O][C][=O],Isopentyl formate,-1.449,1,116.15999999999998,0,0,4,26.3,-1.52
[C][C][O][P][=Branch1][C][=O][Branch1][Ring2][O][C][C][O][C][C],Triethyl phosphate,-0.953,1,182.156,0,0,6,44.760000000000005,0.43
[O][C][C][Branch1][C][O][C][Branch1][C][O][C][O],Erythritol,0.675,1,122.12,4,0,3,80.92,0.7
[C][N][C][=Branch1][C][=O][C][=C][Branch1][C][C][O][P][=Branch1][C][=O][Branch1][Ring1][O][C][O][C],Azodrin,-0.949,1,223.165,1,0,5,73.86,0.6509999999999999
[C][C][C][Branch1][C][C][C][Branch1][C][C][C],"2,3-Dimethylpentane",-2.938,1,100.20499999999998,0,0,2,0.0,-4.28
[C][C][C][C][C][C][#C],1-Heptyne,-2.155,1,96.173,0,0,3,0.0,-3.01
[Cl][C][C][Branch1][C][C][C],1-Chloro-2-methylpropane,-1.924,1,92.569,0,0,1,0.0,-2.0
[C][C][C][C][C][C][C][C][C][C][C][C][=Branch1][C][=O][O][C],methyl laurate,-4.025,1,214.349,0,0,10,26.3,-4.69
[C][C][C][S][C][C][C],Di-n-propylsulfide,-2.307,1,118.245,0,0,4,0.0,-2.58
[C][C][C][C][C][Br],1-Bromopentane,-2.658,1,151.047,0,0,3,0.0,-3.08
[C][C][C][C][/C][=C][/C],trans-2-Heptene ,-2.784,1,98.18899999999998,0,0,3,0.0,-3.82
[C][C][Branch1][C][Cl][Branch1][C][Cl][Cl],"1,1,1-Trichloroethane",-2.232,1,133.405,0,0,0,0.0,-2.0
[C][C][O][C][C],Diethyl ether ,-0.718,1,74.123,0,0,2,9.23,-0.09
[C][O][C][O][C],Dimethoxymethane,0.092,1,76.095,0,0,2,18.46,0.48
[C][C][C][Branch1][C][C][O],Butan-2-ol,-0.616,1,74.12299999999999,1,0,1,20.23,0.47
[C][=C][C][S][=Branch1][C][=O][S][C][C][=C],allicin,-2.045,1,162.27899999999997,0,0,5,17.07,-0.83
[C][C][Branch1][C][C][C][O][C][=O],Isobutyl formate,-1.095,1,102.13299999999998,0,0,3,26.3,-1.01
[C][C][C][C][C][C],Hexane ,-2.615,1,86.178,0,0,3,0.0,-3.84
[C][O][P][=Branch1][C][=O][Branch1][Ring1][O][C][O][C][Branch1][C][Br][C][Branch1][C][Cl][Branch1][C][Cl][Br],Naled,-3.548,1,380.784,0,0,5,44.760000000000005,-2.28
[C][C][Branch1][C][C][C][C][Branch1][C][C][Branch1][C][C][O],"2,4-Dimethyl-2-pentanol ",-1.6469999999999998,1,116.20399999999998,1,0,2,20.23,-0.92
[C][C][C][Branch1][C][C][Branch1][C][C][C],"2,2-Dimethylbutane",-2.584,1,86.17799999999998,0,0,0,0.0,-3.55
[C][=C][C][C][=C],"1,4-Pentadiene ",-1.758,1,68.119,0,0,2,0.0,-2.09
[C][C][C][C][C][C][Branch1][C][O][C][C],3-Octanol,-2.033,1,130.23099999999997,1,0,5,20.23,-1.98
[C][C][C][C][Branch1][C][C][C][O],2-Methylpentanol,-1.381,1,102.177,1,0,3,20.23,-1.11
[C][C][C][C][C][Branch1][C][C][Branch1][C][C][O],2-Methyl-2-hexanol,-1.663,1,116.20399999999998,1,0,3,20.23,-1.08
[C][O][C][Branch1][C][C][Branch1][C][C][C][C][C][C][Branch1][C][C][C][C][=C][C][Branch1][C][C][=C][C][=Branch1][C][=O][O][C][Branch1][C][C][C],Methoprene,-4.795,1,310.47800000000007,0,0,10,35.53,-5.19
[C][C][O][C][=Branch1][C][=O][C][C],Ethyl propionate,-1.1909999999999998,1,102.133,0,0,2,26.3,-0.66
[C][C][C][C][C][C][C][=Branch1][C][=O][O][C][C],Ethyl heptanoate,-2.608,1,158.241,0,0,6,26.3,-2.74
[C][O][C][=Branch1][C][=O][C],Methyl acetate,-0.416,1,74.07900000000001,0,0,0,26.3,0.46
[C][C][C][C][Branch1][C][O][C][=C],1-Hexene-3-ol,-1.199,1,100.161,1,0,3,20.23,-0.59
[C][C][C][C][O][C][C][C][C],Dibutyl ether ,-2.135,1,130.231,0,0,6,9.23,-1.85
[C][C][C][C][C][C][C][C][C][C][C][C][O],1-Dodecanol,-3.523,1,186.339,1,0,10,20.23,-4.8
[C][C][C][C][Branch1][C][C][Branch1][C][C][O],2-Methyl-2-pentanol,-1.308,1,102.17699999999998,1,0,2,20.23,-0.49
[C][C][C][C][C][C][Branch1][C][C][Branch1][C][C][O],2-Methyl-2-heptanol,-2.017,1,130.231,1,0,4,20.23,-1.72
[C],Methane,-0.636,0,16.043,0,0,0,0.0,-0.9
[C][C][C][Branch1][C][C][C][=Branch1][C][=O][C],3-Methyl-2-pentanone,-1.266,1,100.161,0,0,2,17.07,-0.67
[C][C][Branch1][C][C][N][Branch1][=Branch1][C][Branch1][C][C][C][C][=Branch1][C][=O][S][C][C][Branch1][C][Cl][=C][Branch1][C][Cl][Cl],Triallate,-4.578,1,304.67,0,0,4,20.31,-4.88
[C][=C][C][C][C][=C],"1,5-Hexadiene ",-2.112,1,82.14599999999999,0,0,3,0.0,-2.68
[C][C][C][C][C][=C],1-Hexene,-2.364,1,84.16199999999999,0,0,3,0.0,-3.23
[C][C][C][C][C][C][C][C][=Branch1][C][=O][C],2-Nonanone,-2.263,1,142.242,0,0,6,17.07,-2.58
[C][#C],Ethyne,-0.252,1,26.038,0,0,0,0.0,0.29
[C][C][O][C][=Branch1][C][=O][N][Branch1][C][C][C][=Branch1][C][=O][C][S][P][=Branch1][C][=S][Branch1][Ring2][O][C][C][O][C][C],Mecarbam,-3.738,1,329.3800000000001,0,0,8,65.07000000000001,-2.518
[C][C][Branch1][C][Cl][C][Cl],"1,2-Dichloropropane",-1.794,1,112.987,0,0,1,0.0,-1.6
[C][C][C][C][=C][Branch1][Ring1][C][C][C][=O],2-Ethyl-2-hexanal,-2.081,1,126.19899999999998,0,0,4,17.07,-2.46
[C][C][O][P][=Branch1][C][=S][Branch1][Ring2][O][C][C][S][C][C][S][C][C],Disulfoton,-3.975,1,274.413,0,0,9,18.46,-4.23
[C][C][C][C][C][C][C][C][C][C][C][C][C][C][C][O],1-Pentadecanol,-4.586,1,228.42,1,0,13,20.23,-6.35
[C][C][Branch1][C][C][I],2-Iodopropane,-2.486,1,169.993,0,0,0,0.0,-2.09
[C][C][Branch1][C][C][C][=Branch1][C][=O][C],3-Methyl-2-butanone,-0.912,1,86.13399999999999,0,0,1,17.07,-0.12
[C][C][C][C][C][C][C][C][C][C][C][C][C][C][C][C],Hexadecane,-6.159,1,226.44799999999992,0,0,13,0.0,-8.4
[C][C][C][C][C][C][C][=Branch1][C][=O][C],2-Octanone,-1.909,1,128.21499999999995,0,0,5,17.07,-2.05
[C][C][C][C][C][C][C][C][C][=Branch1][C][=O][O][C],Methyl nonanoate,-2.962,1,172.268,0,0,7,26.3,-3.38
[C][C][O],Ethanol,0.02,1,46.069,1,0,0,20.23,1.1
[C][C][C][C][C][C][C][C][Br],1-Bromooctane,-3.721,1,193.128,0,0,6,0.0,-5.06
[C][C][C][Branch1][C][O][C][C],3-Pentanol,-0.97,1,88.15,1,0,2,20.23,-0.24
[C][C][Branch1][C][C][C][C][C][O],4-Methylpentanol,-1.381,1,102.177,1,0,3,20.23,-1.14
[C][C][C][Branch1][C][C][Branch1][C][C][O],2-Methylbutan-2-ol,-0.954,1,88.14999999999998,1,0,1,20.23,0.15
[C][C][O][C][=O],Ethyl formate,-0.402,1,74.07900000000001,0,0,2,26.3,0.15
[C][C][C][C][S],Butanethiol ,-1.676,1,90.191,1,0,2,0.0,-2.18
[Cl][C][=Branch1][=Branch1][=C][Branch1][C][Cl][Cl][Cl],Tetrachloroethylene,-3.063,1,165.834,0,0,0,0.0,-2.54
[C][C][C][=Branch1][C][=O][C][C],3-Pentanone,-0.912,1,86.134,0,0,2,17.07,-0.28
[C][=C][C][#N],Acrylonitrile,-0.354,1,53.06399999999999,0,0,0,23.79,0.15
[C][C][C][C][C][=Branch1][C][=O][C],2-Hexanone,-1.2,1,100.161,0,0,3,17.07,-0.8
[C][C][C][C][C][Branch1][C][C][C][C],3-Methylheptane,-3.3080000000000003,1,114.232,0,0,4,0.0,-5.16
[Br][C][C][Br],"1,2-Dibromoethane",-2.102,1,187.862,0,0,1,0.0,-1.68
[C][O][C][=Branch1][C][=O][C][=C],Methyl acrylate,-0.878,1,86.09,0,0,1,26.3,-0.22
[C][C][C][Branch1][C][O][Branch1][Ring1][C][C][C][C],3-Ethyl-3-pentanol,-1.663,1,116.204,1,0,3,20.23,-0.85
[C][C][Branch1][C][C][C][=Branch1][C][=O][C][Branch1][C][C][C],"2,4-Dimethyl-3-pentanone",-1.7519999999999998,1,114.18799999999996,0,0,2,17.07,-1.3
[C][S][S][C],Dimethyldisulfide,-1.524,1,94.204,0,0,1,0.0,-1.44
[C][C][C][C][C][Branch1][C][O][C][C],3-Heptanol ,-1.6780000000000002,1,116.20399999999998,1,0,4,20.23,-1.47
[C][C][C][C][C][Branch1][Ring1][C][C][C][O],2-Ethyl-1-hexanol,-2.089,1,130.231,1,0,5,20.23,-2.11
[C][C][Branch1][C][C][N][Branch1][=Branch1][C][Branch1][C][C][C][C][=Branch1][C][=O][S][C][C][=Branch1][Ring1][=C][Cl][Cl],Diallate,-3.827,1,270.225,0,0,4,20.31,-4.2860000000000005
[C][C][C][C][C][C][C][C][C][C][O],1-Decanol,-2.814,1,158.285,1,0,8,20.23,-3.63
[C][C][C][Branch1][C][C][Branch1][C][C][C][C],"3,3-Dimethylpentane",-2.938,1,100.20499999999998,0,0,2,0.0,-4.23
[C][N][C][=Branch1][C][=O][C][Branch1][C][C][S][C][C][S][P][=Branch1][C][=O][Branch1][Ring1][O][C][O][C],vamidothion,-1.446,1,287.343,1,0,8,64.63000000000001,1.144
[C][C][C][C][=O],Butyraldehyde,-0.7490000000000001,1,72.107,0,0,2,17.07,-0.01
[C][C][C][C],Butane,-1.907,1,58.124,0,0,1,0.0,-2.57
[Cl][C][Branch1][C][Cl][C][Branch1][C][Cl][Branch1][C][Cl][Cl],Pentachloroethane,-3.382,1,202.295,0,0,0,0.0,-2.6
[C][C][Branch1][C][C][C][O],2-Methylpropan-1-ol,-0.672,1,74.12299999999999,1,0,1,20.23,0.1
[I][C][I],Diiodomethane,-2.958,1,267.835,0,0,0,0.0,-2.34
[C][C][C][C][Branch1][C][O][C][C][C],4-Heptanol,-1.6780000000000002,1,116.204,1,0,4,20.23,-1.4
[C][C][C][C][C][O][C][=Branch1][C][=O][C],Pentyl acetate,-1.833,1,130.18699999999998,0,0,4,26.3,-1.89
[F][C][Branch1][C][F][Branch1][C][Cl][C][Branch1][C][F][Branch1][C][F][Cl],"1,2-Dichlorotetrafluoroethane",-2.697,1,170.92000000000002,0,0,1,0.0,-2.74
[C][C][=C][C][=O],2-butenal,-0.604,1,70.09100000000001,0,0,1,17.07,0.32
[C][C][N][Branch1][Ring1][C][C][C][=Branch1][C][=S][S][C][C][Branch1][C][Cl][=C],Sulfallate,-3.254,1,223.794,0,0,4,3.24,-3.39
[Cl][C][C],Chloroethane,-1.165,1,64.515,0,0,0,0.0,-1.06
[C][C][/C][=C][\C],cis-2-Pentene,-2.076,1,70.135,0,0,1,0.0,-2.54
[C][C][C][C][C][C][C][C][C][C][C][C][C][C][C][C][C][C][C][C],Eicosane,-7.576,1,282.5559999999999,0,0,17,0.0,-8.172
[C][C][C][Branch1][Ring1][C][C][C][O],2-Ethyl-1-butanol,-1.381,1,102.177,1,0,3,20.23,-1.17
[Cl][\C][=C][/Cl],"cis 1,2-Dichloroethylene",-1.561,1,96.94400000000002,0,0,0,0.0,-1.3
[C][C][Branch1][C][C][C][C][Branch1][C][C][O],4-Methyl-2-pentanol,-1.308,1,102.17699999999998,1,0,2,20.23,-0.8
[C][C][Branch1][C][C][Branch1][C][C][C][O],"2,2-Dimethylpropanol",-1.011,1,88.14999999999999,1,0,0,20.23,-0.4
[C][C][=C],Propylene,-1.235,1,42.081,0,0,0,0.0,-1.08
[C][C][C][C][C][C][C][Branch1][C][C][O],2-Octanol,-2.033,1,130.231,1,0,5,20.23,-2.09
[C][C][Branch1][C][C][C][O][C][=Branch1][C][=O][C],Isobutyl acetate,-1.463,1,116.15999999999998,0,0,2,26.3,-1.21
[C][C][Branch1][C][C][C][Branch1][C][C][Branch1][C][C][C],"2,2,3-Trimethylbutane",-2.922,1,100.20499999999998,0,0,0,0.0,-4.36
[C][N][C][=Branch1][C][=O][O][N][=C][Branch1][Ring1][S][C][C][=Branch1][C][=O][N][Branch1][C][C][C],Oxamyl,-0.908,1,219.266,1,0,1,70.99999999999999,0.106
[C][C][S][C][C][S][P][=Branch1][C][=S][Branch1][Ring1][O][C][O][C],Thiometon,-3.323,1,246.359,0,0,7,18.46,-3.091
[C][C][C][Branch1][C][C][C],2-Methylbutane,-2.245,1,72.151,0,0,1,0.0,-3.18
[O][C][=C][Branch1][C][Cl][C][=C][C][=C][Ring1][#Branch1][Cl],"2,6-Dichlorophenol",-3.012,1,163.003,1,1,0,20.23,-1.79
[Br][C][=C][C][=C][C][=C][Ring1][=Branch1][Br],"1,2-Dibromobenzene",-4.172,1,235.906,0,1,0,0.0,-3.5
[O][C][=C][Branch1][C][Cl][C][=C][Branch1][C][Cl][C][=C][Ring1][Branch2][Cl],"2,4,6-Trichlorophenol",-3.648,1,197.448,1,1,0,20.23,-2.34
[Cl][C][=C][C][Branch1][C][Cl][=C][C][Branch1][C][Cl][=C][Ring1][Branch2],"1,3,5-Trichlorobenzene",-4.159,1,181.449,0,1,0,0.0,-4.48
[O][=C][C][=C][C][=C][C][=C][Ring1][=Branch1],Benzaldehyde,-1.999,1,106.12399999999997,0,1,1,17.07,-1.19
[C][C][=C][C][=C][Branch1][C][O][C][=C][Ring1][#Branch1][C],"3,4-Dimethylphenol",-2.6210000000000004,1,122.167,1,1,0,20.23,-1.38
[N][#C][C][=C][C][=C][C][=C][Ring1][=Branch1],Benzonitrile,-2.03,1,103.12399999999997,0,1,0,23.79,-1.0
[S][C][=C][C][=C][C][=C][Ring1][=Branch1],Thiophenol ,-2.758,1,110.18099999999995,1,1,0,0.0,-2.12
[C][O][C][=Branch1][C][=O][C][=C][C][=C][Branch1][C][O][C][=C][Ring1][#Branch1],Methylparaben,-2.441,1,152.149,1,1,1,46.53,-1.827
[C][C][O][C][=C][C][=C][Branch1][#Branch1][N][C][=Branch1][C][=O][C][C][=C][Ring1][#Branch2],Phenacetin,-2.342,1,179.219,1,1,3,38.33,-2.35
[C][N][C][=Branch1][C][=O][O][C][=C][C][Branch1][C][C][=C][C][Branch1][C][C][=C][Ring1][Branch2],XMC,-2.688,1,179.219,1,1,1,38.33,-2.5810000000000004
[N][C][=Branch1][C][=O][C][=C][C][=C][C][=C][Ring1][=Branch1],Benzamide,-1.501,1,121.13899999999995,1,1,1,43.09,-0.96
[Cl][C][=C][C][=C][C][=C][Ring1][=Branch1][Br],o-Chlorobromobenzene,-3.84,1,191.455,0,1,0,0.0,-3.19
[O][C][=C][C][Branch1][C][Cl][=C][C][Branch1][C][Cl][=C][Ring1][Branch2],"3,5-Dichlorophenol",-3.428,1,163.003,1,1,0,20.23,-1.34
[C][C][C][=C][C][=C][Branch1][Ring1][C][C][C][=C][Ring1][Branch2],"1,4-Diethylbenzene ",-3.633,1,134.22199999999998,0,1,2,0.0,-3.75
[C][C][=C][C][=C][Branch1][C][O][C][Branch1][C][C][=C][Ring1][Branch2],"2,4-Dimethylphenol",-2.6210000000000004,1,122.167,1,1,0,20.23,-1.19
[C][C][=C][C][=C][C][=C][Ring1][=Branch1],Toluene ,-2.713,1,92.141,0,1,0,0.0,-2.21
[C][N][Branch1][C][C][C][=Branch1][C][=O][S][C][C][C][C][O][C][=C][C][=C][C][=C][Ring1][=Branch1],Fenothiocarb,-3.297,1,253.367,0,1,6,29.540000000000003,-3.927
[O][C][=C][C][Branch1][C][Cl][=C][Branch1][C][Cl][C][Branch1][C][Cl][=C][Ring1][=Branch2][Cl],"2,3,4,5-Tetrachlorophenol",-4.335,1,231.893,1,1,0,20.23,-3.15
[F][C][Branch1][C][F][Branch1][C][F][C][=C][C][=C][C][=C][Ring1][=Branch1],Benzyltrifluoride,-3.099,1,146.111,0,1,0,0.0,-2.51
[C][C][C][C][C][C][O][C][=Branch1][C][=O][C][=C][C][=C][C][=C][Ring1][=Branch1][C][=Branch1][C][=O][O][C][C][C][C][C][C],Dihexyl phthalate,-5.757999999999999,1,334.45600000000024,0,1,12,52.60000000000001,-6.144
[C][C][=Branch1][C][=O][N][C][=C][C][=C][Branch1][C][Br][C][=C][Ring1][#Branch1],p-Bromoacetanilide,-3.012,1,214.062,1,1,1,29.1,-3.083
[C][O][C][=C][C][=C][C][=C][Ring1][=Branch1][O],o-Methoxyphenol,-1.941,1,124.13899999999995,1,1,1,29.46,-1.96
[C][C][O][C][=Branch1][C][=O][C][=C][C][=C][C][=C][Ring1][=Branch1][C][=Branch1][C][=O][O][C][C],Diethyl phthalate ,-3.016,1,222.23999999999995,0,1,4,52.60000000000001,-2.35
[C][C][Branch1][C][C][C][C][=C][C][=C][C][=C][Ring1][=Branch1],Isobutylbenzene,-3.57,1,134.22199999999998,0,1,2,0.0,-4.12
[C][O][C][=Branch1][C][=O][C][=C][C][=C][C][=C][Ring1][=Branch1][C][=Branch1][C][=O][O][C],Dimethyl phthalate,-2.347,1,194.18599999999995,0,1,2,52.60000000000001,-1.66
[O][C][=C][Branch1][C][Cl][C][Branch1][C][Cl][=C][C][Branch1][C][Cl][=C][Ring1][=Branch2][Cl],"2,3,5,6-Tetrachlorophenol",-4.203,1,231.893,1,1,0,20.23,-3.37
[C][C][=C][C][=C][C][=C][Ring1][=Branch1][O],2-Methylphenol,-2.281,1,108.14,1,1,0,20.23,-0.62
[Cl][C][=C][C][Branch1][C][Cl][=C][Branch1][C][Cl][C][=C][Ring1][Branch2][Cl],"1,2,4,5-Tetrachlorobenzene",-4.621,1,215.894,0,1,0,0.0,-5.56
[C][C][C][C][=C][C][=C][C][=C][Ring1][=Branch1],Propylbenzene ,-3.281,1,120.19499999999996,0,1,2,0.0,-3.37
[C][C][=C][C][Branch1][C][C][=C][Branch1][C][C][C][=C][Ring1][Branch2][C],"1,2,4,5-Tetramethylbenzene",-3.664,1,134.22199999999998,0,1,0,0.0,-4.59
[N][C][=C][C][=C][C][=C][Ring1][=Branch1][Cl],o-Chloroaniline,-2.392,1,127.574,1,1,0,26.02,-1.52
[C][O][C][=C][C][=C][C][Branch1][C][Cl][=C][Ring1][#Branch1],3-Chloroanisole,-3.057,1,142.58499999999998,0,1,1,9.23,-2.78
[N][C][=C][C][=C][Branch1][C][O][C][=C][Ring1][#Branch1],p-Aminophenol,-1.231,1,109.128,2,1,0,46.25,-0.8
[C][C][=Branch1][C][=O][N][C][=C][C][Branch1][P][N][S][=Branch1][C][=O][=Branch1][C][=O][C][Branch1][C][F][Branch1][C][F][F][=C][Branch1][C][C][C][=C][Ring1][#C][C],Mefluidide,-3.165,1,310.297,2,1,3,75.27000000000001,-3.24
[O][C][=C][C][=C][Branch1][Ring1][C][=O][C][=C][Ring1][Branch2],p-Hydroxybenzaldehyde ,-2.003,1,122.12299999999998,1,1,1,37.3,-0.96
[C][Branch1][=Branch2][C][Branch1][C][C][Branch1][C][C][C][=C][C][Branch1][=Branch2][C][Branch1][C][C][Branch1][C][C][C][=C][C][Branch1][Branch2][O][C][=Branch1][C][=O][N][C][=C][Ring2][Ring1][Ring1],butacarb,-4.642,1,263.381,1,1,1,38.33,-4.24
[F][C][=C][C][=C][C][=C][Ring1][=Branch1][Br],o-Fluorobromobenzene,-3.467,1,175.0,0,1,0,0.0,-2.7
[O][C][=C][C][=C][Branch1][C][Cl][C][=C][Ring1][#Branch1][Cl],"2,4-Dichlorophenol ",-3.22,1,163.003,1,1,0,20.23,-1.55
[C][C][=C][C][=C][Branch1][C][C][C][=C][Ring1][#Branch1],p-Xylene ,-3.035,1,106.168,0,1,0,0.0,-2.77
[C][C][C][=C][C][=C][C][=C][Ring1][=Branch1][C][C],"1,2-Diethylbenzene",-3.6010000000000004,1,134.22199999999998,0,1,2,0.0,-3.28
[C][C][=C][C][=C][C][=C][Ring1][=Branch1][N],o-Toluidine,-1.922,1,107.156,1,1,0,26.02,-2.21
[C][Branch1][Ring1][O][C][=C][C][=C][Branch1][Ring2][C][C][=C][C][=C][Ring1][O],Estragole,-3.074,1,148.205,0,1,3,9.23,-2.92
[Cl][C][=C][C][=C][C][=C][Ring1][=Branch1][Cl],"1,2-Dichlorobenzene",-3.482,1,147.00399999999996,0,1,0,0.0,-3.05
[C][C][C][C][C][=C][C][=C][C][=C][Ring1][=Branch1],Butylbenzene,-3.585,1,134.22199999999998,0,1,3,0.0,-4.06
[C][Branch1][Ring1][C][#N][=C][Branch1][C][Cl][C][Branch1][Ring1][C][#N][=C][Branch1][C][Cl][C][Branch1][C][Cl][=C][Branch1][C][Cl][Ring1][=N],Chlorothalonil,-3.995,1,265.914,0,1,0,47.58,-5.64
[N][#C][C][=C][C][=C][C][=C][Ring1][=Branch1][C][#N],Phthalonitrile,-1.717,1,128.13399999999996,0,1,0,47.58,-2.38
[C][C][Branch1][C][C][C][=C][C][=C][C][=C][Ring1][=Branch1],Isopropylbenzene ,-3.265,1,120.19499999999996,0,1,1,0.0,-3.27
[C][O][P][=Branch1][C][=O][Branch1][Ring1][O][C][O][C][=Branch1][Ring1][=C][Cl][C][=C][C][Branch1][C][Cl][=C][Branch1][C][Cl][C][=C][Ring1][Branch2][Cl],Stirofos,-4.32,1,365.96400000000006,0,1,5,44.760000000000005,-4.522
[O][C][=C][Branch1][C][I][C][=C][Branch1][Ring1][C][#N][C][=C][Ring1][=Branch2][I],Ioxynil,-4.615,1,370.915,1,1,0,44.02,-3.61
[C][=C][C][=C][C][=C][Ring1][=Branch1][O],Phenol,-1.991,1,94.113,1,1,0,20.23,0.0
[C][O][P][=Branch1][C][=S][Branch1][Ring1][O][C][S][C][C][=Branch1][C][=O][N][Branch1][=Branch1][C][Branch1][C][C][C][C][=C][C][=C][Branch1][C][Cl][C][=C][Ring1][#Branch1],Anilofos,-5.106,1,367.86,0,1,7,38.77,-4.432
[C][C][C][C][C][C][C][=C][C][=C][C][=C][Ring1][=Branch1],Hexylbenzene ,-4.22,1,162.276,0,1,5,0.0,-5.21
[O][C][=C][C][Branch1][C][Cl][=C][C][Branch1][C][Cl][=C][Ring1][Branch2][Cl],"2,3,5-Trichlorophenol",-3.78,1,197.448,1,1,0,20.23,-2.67
[N][C][=C][C][=C][C][=C][Ring1][=Branch1],Aniline ,-1.632,1,93.129,1,1,0,26.02,-0.41
[Cl][C][=C][C][Branch1][C][Cl][=C][Branch1][C][Cl][C][Branch1][C][Cl][=C][Ring1][=Branch2][Cl],Pentachlorobenzene,-5.167999999999999,1,250.339,0,1,0,0.0,-5.65
[Br][C][=C][C][Branch1][C][Br][=C][C][Branch1][C][Br][=C][Ring1][Branch2],"1,3,5-Tribromobenzene",-5.27,1,314.802,0,1,0,0.0,-5.6
[C][O][P][=Branch1][C][=S][Branch1][Ring1][O][C][O][C][=C][C][Branch1][C][Cl][=C][Branch1][C][Cl][C][=C][Ring1][Branch2][Cl],Ronnel,-5.247000000000001,1,321.549,0,1,4,27.69,-5.72
[C][C][Branch1][C][C][Branch1][C][C][C][=C][C][=C][Branch1][C][O][C][=C][Ring1][#Branch1],p-t-Butylphenol,-3.192,1,150.22099999999998,1,1,0,20.23,-2.41
[C][O][C][=C][C][Branch1][Ring2][C][C][=C][=C][C][=C][Ring1][=Branch2][O],Eugenol,-2.675,1,164.204,1,1,3,29.46,-1.56
[Cl][C][=C][C][=C][C][Branch1][C][I][=C][Ring1][#Branch1],m-Chloroiodobenzene,-4.384,1,238.455,0,1,0,0.0,-3.55
[C][C][=C][C][=C][C][Branch1][C][C][=C][Ring1][#Branch1],m-Xylene ,-3.035,1,106.168,0,1,0,0.0,-2.82
[O][C][=C][C][=C][C][Branch1][C][O][=C][Ring1][#Branch1],"1,3-Benzenediol",-1.59,1,110.11199999999998,2,1,0,40.46,0.81
[F][C][=C][C][=C][C][Branch1][C][Br][=C][Ring1][#Branch1],m-Fluorobromobenzene,-3.467,1,175.0,0,1,0,0.0,-2.67
[Cl][C][=C][C][=C][Branch1][C][Br][C][=C][Ring1][#Branch1],p-Chlorobromobenzene,-3.928,1,191.455,0,1,0,0.0,-3.63
[C][O][P][=Branch1][C][=S][Branch1][Ring1][O][C][O][C][=C][C][Branch1][C][Cl][=C][Branch1][C][I][C][=C][Ring1][Branch2][Cl],Iodofenphos,-6.148,1,413.0,0,1,4,27.69,-6.62
[C][C][=C][C][=C][Branch1][C][Cl][C][=C][Ring1][#Branch1],4-Chlorotoluene,-3.297,1,126.586,0,1,0,0.0,-3.08
[C][C][C][C][O][C][=Branch1][C][=O][C][=C][C][=C][Branch1][C][N][C][=C][Ring1][#Branch1],Butamben,-3.039,1,193.246,1,1,4,52.32,-3.082
[Cl][C][=C][C][=C][Branch1][C][Cl][C][Branch1][C][Cl][=C][Ring1][Branch2][Cl],"1,2,3,4-Tetrachlorobenzene",-4.546,1,215.894,0,1,0,0.0,-4.57
[O][C][=C][C][=C][Branch1][C][Cl][C][Branch1][C][Cl][=C][Ring1][Branch2][Cl],"2,3,4-Trichlorophenol",-3.705,1,197.448,1,1,0,20.23,-2.67
[C][O][C][=C][C][=C][C][=C][Ring1][=Branch1],Anisole,-2.3680000000000003,1,108.13999999999996,0,1,1,9.23,-1.85
[C][C][O][P][=Branch1][C][=S][Branch1][Ring1][C][C][O][C][=C][C][Branch1][C][Cl][=C][Branch1][C][Cl][C][=C][Ring1][Branch2][Cl],Trichloronate,-5.225,1,333.60400000000004,0,1,5,18.46,-5.752000000000001
[C][C][C][=C][C][=C][Branch1][C][C][C][=C][Ring1][#Branch1],4-Ethyltoluene,-3.3280000000000003,1,120.19499999999996,0,1,1,0.0,-3.11
[Cl][C][=C][C][Branch1][C][Cl][=C][Branch1][C][Cl][C][Branch1][C][Cl][=C][Ring1][=Branch2],"1,2,3,5-Tetrachlorobenzene",-4.621,1,215.894,0,1,0,0.0,-4.63
[N][C][=C][C][=C][C][=C][Ring1][=Branch1][O],o-Aminophenol,-1.465,1,109.128,2,1,0,46.25,-0.72
[C][N][C][=Branch1][C][=O][O][C][=C][C][=C][C][=C][Ring1][=Branch1][O][C][Branch1][C][C][C],Propoxur,-2.4090000000000003,1,209.245,1,1,3,47.56,-2.05
[N][C][=C][C][=C][Branch1][C][Cl][C][=C][Ring1][#Branch1],p-Chloroaniline,-2.392,1,127.574,1,1,0,26.02,-1.66
[C][C][Branch1][C][C][Branch1][C][C][C][=C][C][=C][C][=C][Ring1][=Branch1],t-Butylbenzene ,-3.554,1,134.22199999999998,0,1,0,0.0,-3.66
[C][C][=C][C][=C][C][=C][Ring1][=Branch1][Cl],2-Chlorotoluene,-3.297,1,126.586,0,1,0,0.0,-3.52
[Br][C][=C][C][=C][C][=C][Ring1][=Branch1],Bromobenzene,-3.345,1,157.01,0,1,0,0.0,-2.55
[C][C][O][P][=Branch1][C][=S][Branch1][Ring2][O][C][C][O][N][=C][Branch1][Ring1][C][#N][C][=C][C][=C][C][=C][Ring1][=Branch1],Phoxim,-4.557,1,298.304,0,1,7,63.84,-4.862
[C][C][O][C][=Branch1][C][=O][C][=C][C][=C][Branch1][C][O][C][=C][Ring1][#Branch1],Ethyl-p-hydroxybenzoate ,-2.761,1,166.176,1,1,2,46.53,-2.35
[F][C][=C][C][=C][C][=C][Ring1][=Branch1],Fluorobenzene,-2.514,1,96.10399999999998,0,1,0,0.0,-1.8
[C][C][=C][C][Branch1][C][C][=C][Branch1][C][C][C][Branch1][C][C][=C][Ring1][=Branch2][C],Pentamethylbenzene,-3.993,1,148.249,0,1,0,0.0,-4.0
[C][O][C][=Branch1][C][=O][C][=C][C][=C][C][=C][Ring1][=Branch1],Methyl benzoate ,-2.462,1,136.14999999999998,0,1,1,26.3,-1.85
[C][C][O][P][=Branch1][C][=S][Branch1][Ring2][O][C][C][S][C][S][C][=C][C][=C][Branch1][C][Cl][C][=C][Ring1][#Branch1],Carbophenthion,-5.827999999999999,1,342.875,0,1,8,18.46,-5.736000000000001
[C][N][Branch1][C][C][C][=Branch1][C][=O][N][C][=C][C][=C][Branch1][C][Cl][C][Branch1][C][Cl][=C][Ring1][Branch2],Diuron,-3.301,1,233.098,1,1,1,32.34,-3.8
[C][N][C][=Branch1][C][=O][O][C][=C][C][=C][C][Branch1][Branch2][N][=C][N][Branch1][C][C][C][=C][Ring1][O],Formetanate,-1.846,1,221.26,1,1,3,53.93,-2.34
[O][C][=C][C][=C][C][=C][Ring1][=Branch1][Cl],2-Chlorophenol,-2.553,1,128.558,1,1,0,20.23,-1.06
[C][C][O][C][=C][C][=C][C][=C][Ring1][=Branch1],Phenetole,-2.66,1,122.16699999999996,0,1,2,9.23,-2.33
[C][C][O][C][=Branch1][C][=O][C][=C][C][=C][C][=C][C][=C][Ring1][=Branch1],ethyl cinnamate,-3.0980000000000003,1,176.215,0,1,3,26.3,-3.0
[C][O][P][=Branch1][C][=S][Branch1][Ring1][O][C][O][C][=C][C][=C][Branch1][Ring1][S][C][C][Branch1][C][C][=C][Ring1][=Branch2],Fenthion,-4.265,1,278.335,0,1,5,27.69,-4.57
[C][C][=C][C][=C][Branch1][Branch1][C][=C][Ring1][=Branch1][S][=Branch1][C][=O][=Branch1][C][=O][N],p-Toluenesulfonamide ,-1.815,1,171.22099999999998,1,1,1,60.16,-1.74
[C][C][Branch2][Ring1][C][O][C][=Branch1][C][=O][N][C][=C][C][=C][C][Branch1][C][Cl][=C][Ring1][#Branch1][C][#C],Chlorbufam,-3.629,1,223.659,1,1,2,38.33,-2.617
[N][C][=Branch1][C][=S][N][C][=C][C][=C][C][=C][Ring1][=Branch1],Phenylthiourea,-1.7009999999999998,1,152.22199999999998,2,1,1,38.05,-1.77
[O][C][=C][C][=C][Branch1][C][Cl][C][=C][Ring1][#Branch1],4-Chlorophenol ,-2.761,1,128.558,1,1,0,20.23,-0.7
[C][C][=C][C][=C][C][Branch1][C][N][=C][Ring1][#Branch1],m-Methylaniline,-1.954,1,107.156,1,1,0,26.02,-0.85
[C][C][O][C][=Branch1][C][=O][C][=C][C][=C][Branch1][C][N][C][=C][Ring1][#Branch1],Benzocaine,-2.383,1,165.19199999999998,1,1,2,52.32,-2.616
[Cl][C][=C][C][=C][Branch1][C][Cl][C][Branch1][C][Cl][=C][Ring1][Branch2],"1,2,4-Trichlorobenzene",-4.083,1,181.449,0,1,0,0.0,-3.59
[O][C][=C][C][=C][C][=C][Ring1][=Branch1][O],"1,2-Benzenediol",-1.635,1,110.11199999999998,2,1,0,40.46,0.62
[C][C][=C][C][=C][Branch1][C][C][C][Branch1][C][C][=C][Ring1][Branch2],"1,2,4-Trimethylbenzene",-3.343,1,120.195,0,1,0,0.0,-3.31
[C][C][=C][C][=C][C][=C][Ring1][=Branch1][Br],2-Bromotoluene,-3.667,1,171.03699999999998,0,1,0,0.0,-2.23
[O][C][=C][C][Branch1][C][Cl][=C][Branch1][C][Cl][C][=C][Ring1][Branch2][Cl],"2,4,5-Trichlorophenol ",-3.78,1,197.448,1,1,0,20.23,-2.21
[C][C][N][C][=C][C][=C][C][=C][Ring1][=Branch1],N-Ethylaniline,-2.389,1,121.18299999999996,1,1,2,12.03,-1.7
[N][N][C][=C][C][=C][C][=C][Ring1][=Branch1],Phenylhydrazine,-1.866,1,108.14399999999998,2,1,1,38.05,0.07
[C][N][Branch1][C][C][C][=Branch1][C][=O][N][C][=C][C][=C][Branch1][C][Cl][C][=C][Ring1][#Branch1],Monuron,-2.6710000000000003,1,198.653,1,1,1,32.34,-2.89
[Br][C][=C][C][Branch1][C][Br][=C][Branch1][C][Br][C][=C][Ring1][Branch2][Br],"1,2,4,5-Tetrabromobenzene",-6.001,1,393.698,0,1,0,0.0,-6.98
[C][O][C][=C][C][=C][Branch1][C][Cl][C][=C][Ring1][#Branch1],4-Chloroanisole,-3.057,1,142.585,0,1,1,9.23,-2.78
[O][C][=C][Branch1][C][Cl][C][=C][C][Branch1][C][Cl][=C][Ring1][Branch2][Cl],"2,3,6-Trichlorophenol",-3.572,1,197.448,1,1,0,20.23,-2.64
[Br][C][=C][C][=C][C][Branch1][C][Br][=C][Ring1][#Branch1],"1,3-Dibromobenzene",-4.298,1,235.906,0,1,0,0.0,-3.54
[C][C][=Branch1][C][=O][N][C][=C][C][=C][C][=C][Ring1][=Branch1],Acetanilide,-1.857,1,135.16599999999997,1,1,1,29.1,-1.33
[N][C][=Branch1][C][=O][C][=C][C][=C][C][=C][Ring1][=Branch1][O],o-Hydroxybenzamide,-1.942,1,137.13799999999998,2,1,1,63.32000000000001,-1.82
[C][C][=Branch1][C][=O][C][=C][C][=C][C][=C][Ring1][=Branch1],Acetophenone,-2.0780000000000003,1,120.15099999999995,0,1,1,17.07,-1.28
[C][C][C][=C][C][=C][C][=C][Ring1][=Branch1][C],2-Ethyltoluene,-3.2960000000000003,1,120.19499999999996,0,1,1,0.0,-3.21
[C][C][C][O][C][=Branch1][C][=O][C][=C][C][=C][Branch1][C][N][C][=C][Ring1][#Branch1],Risocaine,-2.709,1,179.21899999999997,1,1,3,52.32,-2.452
[N][C][=C][C][=C][Branch1][Branch1][C][=C][Ring1][=Branch1][S][Branch1][C][N][=Branch1][C][=O][=O],Sulfanilamide,-0.954,1,172.20899999999995,2,1,1,86.18,-1.34
[C][C][O][C][=Branch1][C][=O][C][=C][C][=C][C][=C][Ring1][=Branch1],Ethyl benzoate ,-2.775,1,150.177,0,1,2,26.3,-2.32
[C][C][O][P][=Branch1][C][=S][Branch1][#Branch1][N][C][Branch1][C][C][C][O][C][=C][C][=C][C][=C][Ring1][=Branch1][C][=Branch1][C][=O][O][C][Branch1][C][C][C],Isofenphos,-4.538,1,345.4010000000002,1,1,8,56.790000000000006,-4.194
[Cl][C][=C][C][=C][C][Branch1][C][Cl][=C][Ring1][#Branch1][Cl],"1,2,3-Trichlorobenzene",-4.008,1,181.449,0,1,0,0.0,-4.0
[C][C][O][C][=C][C][=C][Branch1][#Branch1][N][C][Branch1][C][N][=O][C][=C][Ring1][#Branch2],Dulcin,-2.167,1,180.207,2,1,3,64.35,-2.17
[C][O][C][=C][C][=C][Branch1][Ring2][C][=C][C][C][=C][Ring1][=Branch2],Anethole,-3.254,1,148.20499999999998,0,1,2,9.23,-3.13
[C][O][N][Branch1][C][C][C][=Branch1][C][=O][N][C][=C][C][=C][Branch1][C][Cl][C][=C][Ring1][#Branch1],Monolinuron,-2.948,1,214.652,1,1,2,41.57,-2.57
[C][C][=C][C][=C][Branch1][C][Br][C][=C][Ring1][#Branch1],4-Bromotoluene,-3.667,1,171.03700000000003,0,1,0,0.0,-3.19
[C][C][=C][C][Branch1][C][C][=C][Branch1][C][O][C][Branch1][C][C][=C][Ring1][=Branch2],"2,4,6-Trimethylphenol",-2.9410000000000003,1,136.194,1,1,0,20.23,-2.05
[C][=C][C][=C][C][=C][Ring1][=Branch1],Benzene ,-2.418,2,78.11399999999999,0,1,0,0.0,-1.64
[Cl][C][=C][C][=C][Branch1][C][I][C][=C][Ring1][#Branch1],p-Chloroiodobenzene,-4.384,1,238.455,0,1,0,0.0,-4.03
[C][C][Branch1][C][C][C][=C][C][=C][Branch1][O][N][C][=Branch1][C][=O][N][Branch1][C][C][C][C][=C][Ring1][N],Isoproturon,-2.867,1,206.289,1,1,2,32.34,-3.536
[C][O][C][=C][C][=C][Branch1][O][N][C][=Branch1][C][=O][N][Branch1][C][C][C][C][=C][Ring1][N][Cl],Metoxuron,-2.6830000000000003,1,228.679,1,1,2,41.57,-2.564
[C][=C][C][=C][C][=C][C][=C][Ring1][=Branch1],Styrene,-2.85,1,104.15199999999996,0,1,1,0.0,-2.82
[C][C][Branch1][C][C][O][P][=Branch1][C][=S][Branch1][#Branch1][O][C][Branch1][C][C][C][S][C][C][N][S][=Branch1][C][=O][=Branch1][C][=O][C][=C][C][=C][C][=C][Ring1][=Branch1],Bensulide,-4.99,1,397.52400000000006,1,1,10,64.63,-4.2
[C][C][=C][C][=C][C][=C][Ring1][=Branch1][C],o-Xylene ,-3.004,1,106.168,0,1,0,0.0,-2.8
[O][C][=C][C][=C][Branch1][C][O][C][=C][Ring1][#Branch1],"1,4-Benzenediol",-1.59,1,110.11199999999998,2,1,0,40.46,-0.17
[C][C][Branch1][C][C][C][=C][C][=C][C][=C][Ring1][=Branch1][C],2-Isopropyltoluene,-3.585,1,134.22199999999995,0,1,1,0.0,-3.76
[N][C][=C][C][=C][C][Branch1][C][Cl][=C][Ring1][#Branch1],m-Chloroaniline,-2.392,1,127.574,1,1,0,26.02,-1.37
[C][Branch1][C][O][=C][C][Branch1][C][O][=C][C][=C][Ring1][Branch2][C][C][C][C][C][C],4-hexylresorcinol,-3.4930000000000003,1,194.27399999999992,2,1,5,40.46,-2.59
[C][N][Branch1][C][C][C][=Branch1][C][=O][N][C][=C][C][=C][C][=Branch1][Ring2][=C][Ring1][=Branch1][C][Branch1][C][F][Branch1][C][F][F],Fluometuron,-3.065,1,232.205,1,1,1,32.34,-3.43
[O][C][=C][Branch1][C][Cl][C][=C][Branch1][C][Cl][C][Branch1][C][Cl][=C][Ring1][=Branch2][Cl],"2,3,4,6-Tetrachlorophenol",-4.203,1,231.893,1,1,0,20.23,-3.1
[C][C][=C][C][=C][C][Branch1][C][O][=C][Ring1][#Branch1],3-Methylphenol,-2.313,1,108.14,1,1,0,20.23,-0.68
[Cl][C][=C][C][=C][C][Branch1][C][Cl][=C][Ring1][#Branch1],"1,3-Dichlorobenzene",-3.5580000000000003,1,147.004,0,1,0,0.0,-3.04
[C][=C][C][=C][C][=C][Ring1][=Branch1][S][C],thioanisole,-2.87,1,124.208,0,1,1,0.0,-2.39
[C][N][Branch1][C][C][C][=Branch1][C][=O][N][C][=C][C][=C][C][=C][Ring1][=Branch1],Fenuron,-1.847,1,164.208,1,1,1,32.34,-1.6
[Cl][C][C][=C][C][=C][C][=C][Ring1][=Branch1],Benzylchloride,-2.887,1,126.58599999999996,0,1,1,0.0,-2.39
[C][C][C][C][C][Branch1][Ring1][C][C][C][O][C][=Branch1][C][=O][C][=C][C][=C][C][=C][Ring1][=Branch1][C][=Branch1][C][=O][O][C][C][Branch1][Ring1][C][C][C][C][C][C],Di(2-ethylhexyl)-phthalate,-7.117000000000001,1,390.5640000000003,0,1,14,52.60000000000001,-6.96
[C][O][N][Branch1][C][C][C][=Branch1][C][=O][N][C][=C][C][=C][Branch1][C][Br][C][Branch1][C][Cl][=C][Ring1][Branch2],Chlorbromuron,-3.938,1,293.548,1,1,2,41.57,-3.924
[C][C][=Branch1][C][=O][N][C][=C][C][=C][Branch1][C][F][C][=C][Ring1][#Branch1],p-Fluoroacetanilide,-2.181,1,153.156,1,1,1,29.1,-1.78
[C][C][=C][C][Branch1][C][C][=C][C][Branch1][C][O][=C][Ring1][Branch2],"3,5-Dimethylphenol",-2.652,1,122.16699999999996,1,1,0,20.23,-1.4
[Cl][C][C][#C][C][O][C][=Branch1][C][=O][N][C][=C][C][=C][C][Branch1][C][Cl][=C][Ring1][#Branch1],Barban,-4.16,1,258.104,1,1,2,38.33,-4.37
[C][C][=Branch1][C][=O][N][C][=C][C][=C][Branch1][C][Cl][C][=C][Ring1][#Branch1],p-Chloroacetanilide,-2.642,1,169.611,1,1,1,29.1,-2.843
[C][C][C][C][N][Branch1][C][C][C][=Branch1][C][=O][N][C][=C][C][=C][Branch1][C][Cl][C][Branch1][C][Cl][=C][Ring1][Branch2],Neburon,-4.157,1,275.179,1,1,4,32.34,-4.77
[C][N][C][=C][C][=C][C][=C][Ring1][=Branch1],N-Methylaniline ,-2.097,1,107.15599999999998,1,1,1,12.03,-1.28
[I][C][=C][C][=C][C][=C][Ring1][=Branch1],Iodobenzene,-3.8,1,204.01,0,1,0,0.0,-3.01
[C][O][C][=C][C][=C][C][=C][Ring1][=Branch1][O][C][C][Branch1][C][O][C][O][C][Branch1][C][N][=O],Methocarbamol,-1.4280000000000002,1,241.243,2,1,6,91.01,-0.985
[O][C][=C][C][=C][C][Branch1][C][Cl][=C][Ring1][#Branch1][Cl],"2,3-Dichlorophenol",-3.144,1,163.003,1,1,0,20.23,-1.3
[O][C][=C][C][=C][C][Branch1][C][Cl][=C][Ring1][#Branch1],3-Chlorophenol,-2.761,1,128.558,1,1,0,20.23,-0.7
[C][C][C][=Branch1][C][=O][N][C][=C][C][=C][Branch1][C][Cl][C][Branch1][C][Cl][=C][Ring1][Branch2],Propanil,-3.644,1,218.083,1,1,2,29.1,-3.0
[Cl][C][=C][C][=C][C][Branch1][C][Br][=C][Ring1][#Branch1],m-Chlorobromobenzene,-3.928,1,191.455,0,1,0,0.0,-3.21
[O][C][C][O][C][=C][C][=C][C][=C][Ring1][=Branch1],2-Phenoxyethanol,-1.761,1,138.16599999999997,1,1,3,29.46,-0.7
[C][C][=C][C][=C][Branch1][C][N][C][=C][Ring1][#Branch1],p-Methylaniline ,-1.954,1,107.156,1,1,0,26.02,-1.21
[C][C][C][=C][C][=C][C][=C][Ring1][=Branch1],Ethylbenzene,-2.988,1,106.16799999999996,0,1,1,0.0,-2.77
[C][=C][C][=C][C][=C][Ring1][=Branch1][O][C][=Branch1][C][=O][N][C],Metolcarb,-1.947,1,151.165,1,1,1,38.33,-1.803
[C][C][=C][C][=C][C][Branch1][C][C][=C][Ring1][#Branch1][C],"1,2,3-Trimethylbenzene ",-3.312,1,120.195,0,1,0,0.0,-3.2
[C][N][C][=Branch1][C][=O][O][C][=C][C][=C][Branch1][=Branch1][N][Branch1][C][C][C][C][Branch1][C][C][=C][Ring1][#Branch2],Aminocarb,-2.677,1,208.261,1,1,2,41.57,-2.36
[C][C][Branch1][Ring1][C][#C][N][Branch1][C][C][C][=Branch1][C][=O][N][C][=C][C][=C][Branch1][C][Cl][C][=C][Ring1][#Branch1],Buturon,-3.199,1,236.702,1,1,2,32.34,-3.9
[C][O][C][=C][C][=C][Branch1][Ring1][C][=O][C][=C][Ring1][Branch2],p-Methoxybenzaldehyde,-2.252,1,136.14999999999998,0,1,2,26.3,-1.49
[O][C][=C][Branch1][C][Cl][C][Branch1][C][Cl][=C][Branch1][C][Cl][C][Branch1][C][Cl][=C][Ring1][#Branch2][Cl],Pentachlorophenol,-4.835,1,266.338,1,1,0,20.23,-4.28
[C][C][=Branch1][C][=O][N][C][=C][C][=C][Branch1][C][O][C][=C][Ring1][#Branch1],p-Hydroxyacetanilide,-1.495,1,151.165,2,1,1,49.33,-1.03
[C][N][Branch1][C][C][C][=Branch1][C][=O][N][C][=C][C][=C][Branch1][C][C][C][Branch1][C][Cl][=C][Ring1][Branch2],Chlortoluron,-3.048,1,212.68,1,1,1,32.34,-3.483
[C][O][N][Branch1][C][C][C][=Branch1][C][=O][N][C][=C][C][=C][Branch1][C][Cl][C][Branch1][C][Cl][=C][Ring1][Branch2],Linuron,-3.5810000000000004,1,249.097,1,1,2,41.57,-3.592
[C][C][=C][Branch1][C][C][C][Branch1][C][C][=C][Branch1][C][C][C][Branch1][C][C][=C][Ring1][#Branch2][C],Hexamethylbenzene,-4.361000000000001,1,162.27599999999998,0,1,0,0.0,-5.23
[C][C][Branch1][C][C][C][=C][C][=C][Branch1][C][C][C][=C][Ring1][#Branch1][O],Thymol,-3.129,1,150.22099999999998,1,1,1,20.23,-2.22
[C][Branch1][C][Br][=C][Branch1][C][Br][C][=C][Branch1][C][Br][C][=C][Ring1][=Branch2],"1,2,4-tribromobenzene",-5.144,1,314.802,0,1,0,0.0,-4.5
[C][Branch1][C][O][=C][Branch1][C][C][C][=C][C][Branch1][=Branch1][C][Branch1][C][C][C][=C][Ring1][O],Carvacrol,-3.224,1,150.22099999999998,1,1,1,20.23,-2.08
[C][N][Branch1][C][C][C][=N][C][=C][C][=C][Branch1][C][Cl][C][=C][Ring1][#Branch1][C],chlordimeform,-3.164,1,196.681,0,1,2,15.6,-2.86
[C][C][Branch1][C][C][O][C][=Branch1][C][=O][N][C][=C][C][=C][C][Branch1][C][Cl][=C][Ring1][#Branch1],Chloropham,-3.544,1,213.664,1,1,2,38.33,-3.38
[Cl][C][=C][C][=C][C][=C][Ring1][=Branch1],Chlorobenzene,-2.975,1,112.55899999999995,0,1,0,0.0,-2.38
[Br][C][=C][C][=C][Branch1][C][I][C][=C][Ring1][#Branch1],p-Bromoiodobenzene,-4.754,1,282.90599999999995,0,1,0,0.0,-4.56
[C][C][Branch1][C][O][C][=C][C][=C][C][=C][Ring1][=Branch1],1-Phenylethanol,-1.919,1,122.16699999999996,1,1,1,20.23,-0.92
[C][C][C][C][C][C][=C][C][=C][C][=C][Ring1][=Branch1],Pentylbenzene,-3.899,1,148.249,0,1,4,0.0,-4.64
[C][Branch1][S][C][=Branch1][C][=O][O][C][C][C][C][C][C][Branch1][C][C][C][=C][Branch1][S][C][=Branch1][C][=O][O][C][C][C][C][C][C][Branch1][C][C][C][C][=C][C][=C][Ring2][Ring1][N],diisooctyl phthalate,-7.117000000000001,1,390.5640000000002,0,1,14,52.60000000000001,-6.6370000000000005
[C][C][=C][C][Branch1][C][C][=C][C][Branch1][C][C][=C][Ring1][Branch2],"1,3,5-Trimethylbenzene ",-3.375,1,120.19499999999998,0,1,0,0.0,-3.4
[O][C][=C][C][=C][Branch1][C][Cl][C][Branch1][C][Cl][=C][Ring1][Branch2],"3,4-Dichlorophenol",-3.352,1,163.003,1,1,0,20.23,-1.25
[C][C][N][Branch1][Ring1][C][C][C][=C][C][=C][C][=C][Ring1][=Branch1],"N,N-Diethylaniline",-3.16,1,149.237,0,1,3,3.24,-3.03
[F][C][=C][C][=C][C][Branch1][C][F][=C][Ring1][#Branch1],"1,3-Difluorobenzene",-2.636,1,114.094,0,1,0,0.0,-2.0
[C][C][Branch1][C][C][Branch1][C][C][C][C][=C][C][=C][C][=C][Ring1][=Branch1],t-Pentylbenzene,-3.867,1,148.249,0,1,1,0.0,-4.15
[Cl][C][=C][C][=C][C][=C][Ring1][=Branch1][I],o-Chloroiodobenzene,-4.384,1,238.455,0,1,0,0.0,-3.54
[F][C][=C][C][=C][Branch1][C][F][C][=C][Ring1][#Branch1],"1,4-Difluorobenzene",-2.636,1,114.094,0,1,0,0.0,-1.97
[C][C][=C][C][=C][C][Branch1][C][C][=C][Ring1][#Branch1][O],"2,6-Dimethylphenol",-2.589,1,122.167,1,1,0,20.23,-1.29
[C][=C][Branch2][Ring1][C][N][C][=Branch1][C][=O][O][C][Branch1][C][C][C][=Branch1][C][=O][N][C][C][C][=C][C][=C][Ring1][P],Carbetamide,-2.29,1,236.271,2,1,4,67.42999999999999,-1.83
[O][C][C][=C][C][=C][C][=C][Ring1][=Branch1],Phenylmethanol,-1.699,1,108.13999999999996,1,1,1,20.23,-0.4
[C][C][=C][C][=C][Branch1][C][O][C][=C][Ring1][#Branch1],p-Cresol,-2.313,1,108.14,1,1,0,20.23,-0.73
[O][C][=C][C][=C][Branch1][C][Br][C][=C][Ring1][#Branch1],4-Bromophenol,-3.132,1,173.009,1,1,0,20.23,-1.09
[C][N][Branch1][C][C][C][=C][C][=C][C][=C][Ring1][=Branch1],"N,N-Dimethylaniline",-2.542,1,121.18299999999996,0,1,1,3.24,-1.92
[Br][C][=C][C][=C][Branch1][C][Br][C][=C][Ring1][#Branch1],"1,4-Dibromobenzene",-4.298,1,235.906,0,1,0,0.0,-4.07
[C][N][C][=Branch1][C][=O][O][C][=C][C][=C][C][=C][Ring1][=Branch1][C][Branch1][C][C][C],Isoprocarb,-2.734,1,193.246,1,1,2,38.33,-2.863
[C][O][C][=C][C][=C][C][=C][Ring1][=Branch1][Cl],2-Chloroanisole,-2.912,1,142.58499999999998,0,1,1,9.23,-2.46
[C][O][P][=Branch1][C][=S][Branch1][Ring1][O][C][O][C][=C][C][Branch1][C][Cl][=C][Branch1][C][Br][C][=C][Ring1][Branch2][Cl],Bromophos,-5.604,1,366.0,0,1,4,27.69,-6.09
[Cl][C][=C][C][=C][Branch1][C][Cl][C][=C][Ring1][#Branch1],"1,4-Dichlorobenzene",-3.5580000000000003,1,147.00400000000002,0,1,0,0.0,-3.27
[C][C][Branch1][C][C][C][=C][C][=C][Branch1][C][C][C][=C][Ring1][#Branch1],4-Isopropyltoluene,-3.617,1,134.22199999999998,0,1,1,0.0,-3.77
[Cl][C][=C][C][Branch1][C][Cl][=C][Branch1][Branch2][C][Branch1][C][Cl][=C][Ring1][Branch2][C][=C][Branch1][C][Cl][C][=C][C][=C][Ring1][#Branch1][Cl],"2,2,4,6,6'-PCB",-6.545,1,326.437,0,2,1,0.0,-7.32
[Cl][C][=C][C][=C][Branch1][Branch2][C][Branch1][C][Cl][=C][Ring1][#Branch1][C][=C][Branch1][C][Cl][C][Branch1][C][Cl][=C][Branch1][C][Cl][C][Branch1][C][Cl][=C][Ring1][#Branch2][Cl],"2,2',3,4,4',5',6-PCB",-7.898,1,395.3270000000001,0,2,1,0.0,-7.92
[Cl][C][=C][C][=C][Branch1][C][Cl][C][=Branch1][Ring2][=C][Ring1][#Branch1][C][=C][C][Branch1][C][Cl][=C][Branch1][C][Cl][C][Branch1][C][Cl][=C][Ring1][=Branch2][Cl],"2,2',3,4,5,5'-PCB",-7.343,1,360.88200000000006,0,2,1,0.0,-7.68
[Cl][C][=C][C][=C][C][=Branch1][Branch1][=C][Ring1][=Branch1][Cl][C][=C][C][=C][C][Branch1][C][Cl][=C][Ring1][#Branch1][Cl],"2,2',3,3'-PCB",-6.079,1,291.992,0,2,1,0.0,-7.28
[C][=C][Branch1][C][Cl][C][=C][C][=C][Ring1][#Branch1][C][=C][C][=C][C][=C][Ring1][=Branch1],3-Chlorobiphenyl,-4.685,1,188.657,0,2,1,0.0,-4.88
[Cl][C][=C][C][=Branch1][=N][=C][Branch1][C][Cl][C][Branch1][C][Cl][=C][Ring1][Branch2][Cl][C][=C][C][Branch1][C][Cl][=C][Branch1][C][Cl][C][Branch1][C][Cl][=C][Ring1][=Branch2][Cl],"2,2',3,3',4,4',5,5'-PCB",-8.468,1,429.77200000000016,0,2,1,0.0,-9.16
[N][C][=C][C][=C][Branch1][Branch1][C][=C][Ring1][=Branch1][C][=C][C][=C][Branch1][C][N][C][=C][Ring1][#Branch1],p-benzidine,-2.613,1,184.242,2,2,1,52.04,-2.7
[Cl][C][=C][C][=C][C][=C][Ring1][=Branch1][C][=C][C][=C][C][=C][Ring1][=Branch1],2-Chlorobiphenyl,-4.5280000000000005,1,188.657,0,2,1,0.0,-4.54
[Cl][C][=C][C][=C][Branch1][C][Cl][C][=Branch1][Ring2][=C][Ring1][#Branch1][C][=C][C][=C][Branch1][C][Cl][C][Branch1][C][Cl][=C][Ring1][Branch2],"2,3',4',5-PCB",-6.312,1,291.992,0,2,1,0.0,-7.25
[C][=C][C][=C][Branch1][Branch1][C][=C][Ring1][=Branch1][C][=C][C][=C][C][=C][Ring1][=Branch1],Biphenyl,-4.079,2,154.21199999999996,0,2,1,0.0,-4.345
[C][C][=C][C][=C][Branch1][Branch1][C][=C][Ring1][=Branch1][C][=C][C][=C][C][=C][Ring1][=Branch1],4-Methylbiphenyl,-4.424,1,168.239,0,2,1,0.0,-4.62
[Cl][C][=C][C][=C][Branch1][C][Cl][C][=Branch1][Ring2][=C][Ring1][#Branch1][C][=C][Branch1][C][Cl][C][Branch1][C][Cl][=C][Branch1][C][Cl][C][Branch1][C][Cl][=C][Ring1][#Branch2][Cl],"2,2',3,4,5,5',6-PCB",-7.898,1,395.3270000000001,0,2,1,0.0,-8.94
[O][C][=C][C][=C][Branch1][Branch1][C][=C][Ring1][=Branch1][C][=C][C][=C][C][=C][Ring1][=Branch1],p-Phenylphenol,-3.701,1,170.211,1,2,1,20.23,-3.48
[C][=C][C][=C][C][=C][C][=C][C][Ring1][=Branch1][=C][Ring1][#Branch2],Napthalene,-3.468,2,128.17399999999995,0,2,0,0.0,-3.6
[C][C][=C][C][=C][C][=C][C][=C][Ring1][=Branch1][C][=C][Ring1][#Branch2][C],"2,3-Dimethylnaphthalene",-4.1160000000000005,1,156.22799999999998,0,2,0,0.0,-4.72
[Cl][C][=C][C][=C][C][=C][C][=C][C][Ring1][=Branch1][=C][Ring1][#Branch2],2-Chloronapthalene,-4.063,1,162.61899999999997,0,2,0,0.0,-4.14
[Br][C][=C][C][=C][C][=C][C][=C][C][=C][Ring1][#Branch2][Ring1][=Branch1],1-Bromonapthalene,-4.434,1,207.07,0,2,0,0.0,-4.35
[N][C][=C][C][=C][C][=C][C][=C][C][=C][Ring1][#Branch2][Ring1][=Branch1],1-Napthylamine,-2.721,1,143.189,1,2,0,26.02,-1.92
[I][C][=C][C][=C][C][=C][C][=C][C][=C][Ring1][#Branch2][Ring1][=Branch1],1-Iodonapthalene,-4.888999999999999,1,254.07,0,2,0,0.0,-4.55
[Br][C][=C][C][=C][C][=C][C][=C][C][Ring1][=Branch1][=C][Ring1][#Branch2],2-Bromonapthalene,-4.434,1,207.07,0,2,0,0.0,-4.4
[C][N][C][=Branch1][C][=O][O][C][=C][C][=C][C][=C][C][=C][C][=C][Ring1][#Branch2][Ring1][=Branch1],Carbaryl,-3.087,1,201.225,1,2,1,38.33,-3.224
[C][C][=C][C][=C][Branch1][C][C][C][=C][C][=C][C][=C][Ring1][O][Ring1][=Branch1],"1,4-Dimethylnaphthalene ",-4.147,1,156.228,0,2,0,0.0,-4.14
[O][C][=C][C][=C][C][=C][C][=C][C][Ring1][=Branch1][=C][Ring1][#Branch2],2-Napthol,-3.08,1,144.17299999999997,1,2,0,20.23,-2.28
[Cl][C][=C][C][=C][C][=C][C][=C][C][=C][Ring1][#Branch2][Ring1][=Branch1],1-Chloronapthalene,-4.063,1,162.61899999999997,0,2,0,0.0,-3.93
[C][C][C][=C][C][=C][C][=C][C][=C][C][Ring1][=Branch1][=C][Ring1][#Branch2],2-Ethylnaphthalene,-4.1,1,156.22799999999998,0,2,1,0.0,-4.29
[C][C][=C][C][=C][C][=C][C][=C][C][=C][Ring1][#Branch2][Ring1][=Branch1],1-Methylnaphthalene,-3.802,1,142.201,0,2,0,0.0,-3.7
[C][C][=C][C][Branch1][C][C][=C][C][=C][C][=C][C][Ring1][=Branch1][=C][Ring1][O],"1,3-Dimethylnaphthalene",-4.147,1,156.22799999999998,0,2,0,0.0,-4.29
[C][C][=C][C][=C][C][=C][C][=C][C][Ring1][=Branch1][=C][Ring1][#Branch2],2-Methylnapthalene,-3.802,1,142.201,0,2,0,0.0,-3.77
[C][C][C][=C][C][=C][C][=C][C][=C][C][=C][Ring1][#Branch2][Ring1][=Branch1],1-Ethylnaphthalene ,-4.1,1,156.22799999999998,0,2,1,0.0,-4.17
[C][C][=C][C][=C][C][=C][Branch1][C][C][C][=C][C][Ring1][#Branch1][=C][Ring1][O],"2,6-Dimethylnaphthalene ",-4.147,1,156.228,0,2,0,0.0,-4.89
[O][C][=C][C][=C][C][=C][C][=C][C][=C][Ring1][#Branch2][Ring1][=Branch1],1-Napthol,-3.08,1,144.17299999999997,1,2,0,20.23,-2.22
[C][C][=C][C][=C][C][=C][Branch1][C][C][C][=C][C][=C][Ring1][O][Ring1][#Branch1],"1,5-Dimethlnapthalene",-4.147,1,156.228,0,2,0,0.0,-4.678999999999999
[O][=C][N][C][=Branch1][C][=O][N][C][=Branch1][C][=O][C][Ring1][Branch2][Branch1][Ring1][C][C][C][C][=C][Branch1][C][C][C],5-(3-Methyl-2-butenyl)-5-ethylbarbital,-2.126,1,224.26,2,1,3,75.27000000000001,-2.253
[O][=C][N][C][=Branch1][C][=O][N][C][=Branch1][C][=O][C][Ring1][Branch2][Branch1][Ring2][C][C][=C][C][C][=C],"5,5-Diallylbarbital",-1.471,1,208.217,2,1,4,75.27000000000001,-2.077
[O][=C][N][C][=Branch1][C][=O][N][C][=Branch1][C][=O][C][Ring1][Branch2][Branch1][=Branch1][C][Branch1][C][C][C][C][C][=C],5-Allyl-5-isopropylbarbital,-1.706,1,210.233,2,1,3,75.27000000000001,-1.7080000000000002
[O][=C][N][C][=Branch1][C][=O][N][C][=Branch1][C][=O][C][Ring1][Branch2][Branch1][Ring1][C][C][C][C][C][Branch1][C][C][C],5-Ethyl-5-(3-methylbutyl)barbital,-2.312,1,226.27599999999995,2,1,4,75.27000000000001,-2.658
[O][=C][N][C][=Branch1][C][=O][N][C][=Branch1][C][=O][C][Ring1][Branch2][Branch1][=Branch1][C][Branch1][C][C][C][C][C][=C][Branch1][C][C][C],5-(3-Methyl-2-butenyl)-5-isoPrbarbital,-2.465,1,238.287,2,1,3,75.27000000000001,-2.593
[C][C][C][Branch1][C][C][C][Branch1][Ring2][C][C][=C][C][=Branch1][C][=O][N][C][=Branch1][C][=O][N][C][Ring1][O][=O],Talbutal,-2.06,1,224.26,2,1,4,75.27000000000001,-2.016
[C][C][C][Branch1][Branch2][C][C][C][Branch1][C][C][C][C][=Branch1][C][=O][N][C][=Branch1][C][=O][N][C][Ring1][=N][=O],Amobarbital,-2.312,1,226.276,2,1,4,75.27000000000001,-2.468
[O][=C][N][C][=Branch1][C][=O][N][C][=Branch1][C][=O][C][Ring1][Branch2][Branch1][=Branch1][C][Branch1][C][C][C][C][Branch1][C][C][C],"5,5-Diisopropylbarbital",-1.942,1,212.249,2,1,2,75.27000000000001,-2.766
[C][C][C][C][C][Branch1][Ring1][C][C][C][=Branch1][C][=O][N][C][=Branch1][C][=O][N][C][Ring1][#Branch2][=O],Butethal,-1.974,1,212.249,2,1,4,75.27000000000001,-1.661
[O][=C][N][C][=Branch1][C][=O][N][C][=Branch1][C][=O][C][Ring1][Branch2][Branch1][Ring1][C][C][C][C],Barbital,-1.265,1,184.195,2,1,2,75.27000000000001,-2.4
[O][=C][N][C][=Branch1][C][=O][N][C][=Branch1][C][=O][C][Ring1][Branch2][Branch1][Branch2][C][Branch1][C][C][C][C][C][C][C][=C],Secobarbital,-2.415,1,238.28699999999995,2,1,5,75.27000000000001,-2.356
[O][=C][N][C][=Branch1][C][=O][N][C][=Branch1][C][=O][C][Ring1][Branch2][Branch1][Ring1][C][C][C][Branch1][C][C][C][C],Butabarbital,-1.958,1,212.249,2,1,3,75.27000000000001,-2.39
[O][=C][N][C][=Branch1][C][=O][N][C][=Branch1][C][=O][C][Ring1][Branch2][Branch1][Ring1][C][C][C][C][=C],5-Allyl-5-ethylbarbital,-1.368,1,196.206,2,1,3,75.27000000000001,-1.614
[O][=C][N][C][=Branch1][C][=O][N][C][=Branch1][C][=O][C][Ring1][Branch2][Branch1][Ring1][C][C][C][Branch1][C][C][C],5-Ethyl-5-isopropylbarbituric acid,-1.6030000000000002,1,198.222,2,1,2,75.27000000000001,-2.148
[O][=C][N][C][=Branch1][C][=O][N][C][=Branch1][C][=O][C][Ring1][Branch2][Branch1][Ring1][C][C][C][Branch1][C][C][C][C][C],Pentobarbital,-2.312,1,226.27599999999995,2,1,4,75.27000000000001,-2.39
[O][=C][N][C][=Branch1][C][=O][N][C][=Branch1][C][=O][C][Ring1][Branch2][Branch1][C][C][C],"5,5-Dimethylbarbituric acid",-0.556,1,156.141,2,1,0,75.27000000000001,-1.742
[O][=C][N][C][=Branch1][C][=O][N][C][=Branch1][C][=O][C][Ring1][Branch2][Branch1][C][C][C][C][=C],5-Allyl-5-methylbarbital,-1.013,1,182.179,2,1,2,75.27000000000001,-1.16
[O][=C][N][C][=Branch1][C][=O][N][C][=Branch1][C][=O][C][Ring1][Branch2][Branch1][C][C][C][C],5-Methyl-5-ethylbarbituric acid,-0.911,1,170.16799999999998,2,1,1,75.27000000000001,-1.228
[C][C][C][C][C][C][Branch1][P][C][C][C][=C][C][=Branch1][C][=O][C][C][C][Ring1][O][Ring1][#Branch1][C][C][Ring1][S][C][C][C][Ring2][Ring1][Ring1][C][=Branch1][C][=O][C][O],Deoxycorticosterone,-3.939,1,330.4680000000001,1,4,2,54.370000000000005,-3.45
[C][C][=Branch1][C][=O][C][C][C][C][C][C][C][C][=C][C][=Branch1][C][=O][C][C][C][Ring1][#Branch1][Branch1][C][C][C][Ring1][N][C][C][C][Ring2][Ring1][Ring1][Ring1][S][C],Progesterone,-4.17,1,314.46900000000005,0,4,1,34.14,-4.42
[C][C][C][C][Branch1][C][O][C][C][Branch1][P][C][C][C][=C][C][=Branch1][C][=O][C][C][C][Ring1][O][Ring1][#Branch1][C][C][Ring1][P][C][C][C][Ring2][Ring1][Ring2][C][=Branch1][C][=O][C][O],Corticosterone,-3.454,1,346.46700000000016,2,4,2,74.6,-3.24
[C][C][C][C][C][C][Branch1][P][C][C][C][=C][C][=Branch1][C][=O][C][C][C][Ring1][O][Ring1][#Branch1][O][C][Ring1][S][C][C][C][Ring2][Ring1][Ring1][Branch1][C][O][C][#C],Norethisterone,-2.669,1,314.42500000000007,2,4,0,57.53,-4.57
[C][C][C][C][Branch1][C][O][C][C][Branch1][P][C][C][C][=C][C][=Branch1][C][=O][C][C][C][Ring1][O][Ring1][#Branch1][C][C][Ring1][P][C][C][C][Ring2][Ring1][Ring2][Branch1][C][O][C][=Branch1][C][=O][C][O],Hydrocortisone ,-3.159,1,362.4660000000002,3,4,2,94.83,-3.09
[C][C][C][C][C][C][Branch1][P][C][C][C][=C][C][=Branch1][C][=O][C][C][C][Ring1][O][Ring1][#Branch1][C][C][Ring1][S][C][C][C][Ring2][Ring1][Ring1][O],Testosterone,-3.659,1,288.431,1,4,0,37.3,-4.02
[C][C][=Branch1][C][=O][O][C][C][=Branch1][C][=O][C][Branch1][C][O][C][C][C][C][C][C][C][=C][C][=Branch1][C][=O][C][C][C][Ring1][#Branch1][Branch1][C][C][C][Ring1][N][C][Branch1][C][O][C][C][Ring1][P][Ring2][Ring1][Branch1][C],Hydrocortisone 21-acetate,-3.692,1,404.5030000000002,2,4,3,100.90000000000002,-4.88
[C][C][Branch1][C][O][C][C][C][C][C][C][C][=C][C][=Branch1][C][=O][C][C][C][Ring1][#Branch1][Branch1][C][C][C][Ring1][N][C][C][C][Ring1][S][Ring2][Ring1][Ring2][C],17a-Methyltestosterone,-4.073,1,302.4580000000001,1,4,0,37.3,-3.999
[C][C][=Branch1][C][=O][O][C][Branch2][Ring1][=C][C][C][C][C][C][C][C][=C][C][=Branch1][C][=O][C][C][C][Ring1][#Branch1][C][Ring1][O][C][C][C][Ring2][Ring1][C][Ring1][#C][C][C][#C],norethindrone acetate,-4.2410000000000005,1,340.4630000000001,0,4,1,43.370000000000005,-4.8
[C][C][=Branch1][C][=O][C][Branch1][C][O][C][C][C][C][C][C][C][=C][C][=Branch1][C][=O][C][C][C][Ring1][#Branch1][Branch1][C][C][C][Ring1][N][C][C][C][Ring1][S][Ring2][Ring1][Ring2][C],Hydroxyprogesterone-17a,-3.876,1,330.4680000000001,1,4,1,54.37,-3.817
[C][C][N][C][=N][C][Branch1][C][Cl][=N][C][Branch1][O][N][C][Branch1][C][C][Branch1][C][C][C][#N][=N][Ring1][=N],Cyanazine,-2.49,1,240.698,2,1,4,86.52,-3.15
[C][C][N][C][=N][C][Branch1][C][Cl][=N][C][=Branch1][Ring2][=N][Ring1][#Branch1][N][Branch1][Ring1][C][C][C][C],Trietazine,-3.233,1,229.715,1,1,5,53.940000000000005,-4.06
[C][O][C][C][C][N][C][=N][C][Branch1][#Branch1][N][C][Branch1][C][C][C][=N][C][Branch1][Ring1][S][C][=N][Ring1][N],Methoproptryne,-3.259,1,271.39,2,1,8,71.96000000000001,-2.928
[C][C][N][Branch1][Ring1][C][C][C][=N][C][Branch1][C][Cl][=N][C][=Branch1][Ring2][=N][Ring1][#Branch1][N][Branch1][Ring1][C][C][C][C],Chlorazine,-3.663,1,257.76899999999995,0,1,6,45.150000000000006,-4.4110000000000005
[C][C][N][C][=N][C][Branch1][#Branch2][N][C][Branch1][C][C][Branch1][C][C][C][=N][C][Branch1][Ring1][S][C][=N][Ring1][=N],Terbutryn,-3.75,1,241.364,2,1,4,62.73,-4.0
[C][N][Branch1][C][C][C][=N][C][=Branch1][=N][=N][C][=Branch1][Ring2][=N][Ring1][=Branch1][N][Branch1][C][C][C][N][Branch1][C][C][C],Altretamine,-2.492,1,210.285,0,1,3,48.39000000000001,-3.364
[C][S][C][=N][C][Branch1][#Branch1][N][C][Branch1][C][C][C][=N][C][Branch1][#Branch1][N][C][Branch1][C][C][C][=N][Ring1][=C],Prometryn,-3.693,1,241.364,2,1,5,62.73,-4.1
[C][C][N][C][=N][C][Branch1][C][Cl][=N][C][Branch1][#Branch1][N][C][Branch1][C][C][C][=N][Ring1][O],Atrazine,-3.069,1,215.688,2,1,4,62.73,-3.85
[C][S][C][=N][C][=Branch1][=N][=N][C][=Branch1][Ring2][=N][Ring1][=Branch1][N][Branch1][C][C][C][N][Branch1][C][C][C],Simetryn,-2.689,1,213.31,0,1,3,45.150000000000006,-2.676
[C][C][N][C][=N][C][Branch1][#Branch2][N][C][Branch1][C][C][Branch1][C][C][C][=N][C][Branch1][Ring1][O][C][=N][Ring1][=N],Terbumeton,-3.505,1,225.296,2,1,4,71.96000000000001,-3.239
[C][C][N][Branch1][Ring1][C][C][C][=N][C][Branch1][C][Cl][=N][C][Branch1][#Branch1][N][C][Branch1][C][C][C][=N][Ring1][O],Ipazine,-3.497,1,243.742,1,1,5,53.940000000000005,-3.785
[C][C][N][C][=N][C][Branch1][#Branch1][N][C][Branch1][C][C][C][=N][C][Branch1][Ring1][S][C][=N][Ring1][N],Ametryn,-3.43,1,227.337,2,1,5,62.73,-3.04
[C][C][N][C][=N][C][Branch1][#Branch1][N][C][Branch1][C][C][C][=N][C][Branch1][Ring1][O][C][=N][Ring1][N],Atratone,-3.185,1,211.269,2,1,5,71.96000000000001,-2.084
[C][C][Branch1][C][C][N][C][=N][C][Branch1][C][Cl][=N][C][Branch1][#Branch1][N][C][Branch1][C][C][C][=N][Ring1][O],Propazine,-3.329,1,229.71500000000003,2,1,4,62.73,-4.43
[C][O][C][=N][C][Branch1][#Branch1][N][C][Branch1][C][C][C][=N][C][Branch1][#Branch1][N][C][Branch1][C][C][C][=N][Ring1][=C],Prometon,-3.448,1,225.296,2,1,5,71.96000000000001,-2.478
[C][=C][C][=N][C][=C][Ring1][=Branch1],Pyridine,-1.481,2,79.10199999999998,0,1,0,12.89,0.76
[C][C][=C][C][=N][C][=C][Ring1][=Branch1][C],"3,4-Dimethylpyridine",-2.067,1,107.156,0,1,0,12.89,0.36
[Cl][C][=C][C][=C][C][=Branch1][Ring2][=N][Ring1][=Branch1][C][Branch1][C][Cl][Branch1][C][Cl][Cl],Nitrapyrin,-3.833,1,230.909,0,1,0,12.89,-3.76
[C][C][=C][C][=N][C][Branch1][C][C][=C][Ring1][#Branch1],"2,4-Dimethylpyridine",-2.0980000000000003,1,107.156,0,1,0,12.89,0.38
[C][C][C][=C][C][=C][C][=N][Ring1][=Branch1],2-Ethyl pyridine,-2.051,1,107.15599999999998,0,1,1,12.89,0.51
[C][=N][C][=C][C][Branch1][#Branch1][C][=Branch1][C][=O][N][N][=C][Ring1][#Branch2],Isonazid,-0.7170000000000001,1,137.14200000000002,2,1,1,68.01,0.009
[C][C][=C][C][=C][C][Branch1][C][C][=N][Ring1][#Branch1],"2,6-Dimethylpyridine",-2.0980000000000003,1,107.156,0,1,0,12.89,0.45
[O][C][=C][C][=N][C][=C][Ring1][=Branch1],4-hydroxypyridine,-1.655,1,95.10099999999998,1,1,0,33.120000000000005,1.02
[O][C][=C][C][=C][C][=N][Ring1][=Branch1],2-Hydroxypyridine,-1.655,1,95.101,1,1,0,33.120000000000005,1.02
[C][C][=C][C][=C][N][=C][Ring1][=Branch1][C],"2,3-Dimethylpyridine",-2.067,1,107.156,0,1,0,12.89,0.38
[C][C][=C][N][=C][C][Branch1][C][C][=C][Ring1][#Branch1],"3,5-Dimethylpyridine",-2.0980000000000003,1,107.15599999999998,0,1,0,12.89,0.38
[Cl][C][Branch1][C][Cl][C][Branch1][N][C][=C][C][=C][Branch1][C][Cl][C][=C][Ring1][#Branch1][C][=C][C][=C][Branch1][C][Cl][C][=C][Ring1][#Branch1],DDD,-6.007999999999999,1,320.04600000000005,0,2,3,0.0,-7.2
[C][O][C][=C][C][=C][Branch1][Branch1][C][=C][Ring1][=Branch1][C][Branch1][=N][C][=C][C][=C][Branch1][Ring1][O][C][C][=C][Ring1][Branch2][C][Branch1][C][Cl][Branch1][C][Cl][Cl],Methoxychlor,-5.537999999999999,1,345.6529999999999,0,2,4,18.46,-6.89
[Cl][C][=C][C][=C][Branch1][Branch1][C][=C][Ring1][=Branch1][C][Branch1][N][C][=C][C][=C][Branch1][C][Cl][C][=C][Ring1][#Branch1][C][Branch1][C][Cl][Branch1][C][Cl][Cl],DDT,-6.638,1,354.491,0,2,2,0.0,-7.15
[O][C][Branch1][N][C][=C][C][=C][Branch1][C][Cl][C][=C][Ring1][#Branch1][Branch1][N][C][=C][C][=C][Branch1][C][Cl][C][=C][Ring1][#Branch1][C][Branch1][C][Cl][Branch1][C][Cl][Cl],Dicofol,-6.268,1,370.49,1,2,2,20.23,-5.666
[O][C][=C][C][=C][Branch1][C][Cl][C][=C][Ring1][#Branch1][C][C][=C][C][Branch1][C][Cl][=C][C][=C][Ring1][#Branch1][O],Dichlorophen,-4.924,1,269.127,2,2,2,40.46,-3.953
[C][=C][C][=C][Branch1][C][Cl][C][=C][Ring1][#Branch1][C][Branch1][N][C][=C][C][=C][Branch1][C][Cl][C][=C][Ring1][#Branch1][Branch1][C][O][C][=Branch1][C][=O][O][C][Branch1][C][C][C],chloropropylate,-5.093,1,339.21800000000013,1,2,4,46.53,-4.53
[C][=C][C][=C][C][=C][Ring1][=Branch1][C][Branch1][C][O][C][=C][C][=C][C][=C][Ring1][=Branch1],benzhydrol,-3.033,1,184.238,1,2,2,20.23,-2.55
[C][Branch1][=Branch2][C][=C][C][=C][C][=C][Ring1][=Branch1][C][=C][C][=C][C][=C][Ring1][=Branch1],Diphenylmethane,-4.09,2,168.239,0,2,2,0.0,-4.08
[O][C][C][Branch1][C][O][C][Branch1][C][O][C][Branch1][C][O][C][Branch1][C][O][C][Ring1][#Branch2][O],d-inositol,-0.887,1,180.156,6,1,0,121.38,0.35
[O][C][C][C][C][C][C][Ring1][=Branch1],Cyclohexanol ,-1.261,1,100.161,1,1,0,20.23,-0.44
[C][C][C][C][C][C][Ring1][=Branch1],Cyclohexane,-2.477,2,84.162,0,1,0,0.0,-3.1
[Cl][C][C][Branch1][C][Cl][C][Branch1][C][Cl][C][Branch1][C][Cl][C][Branch1][C][Cl][C][Ring1][#Branch2][Cl],Lindane,-4.009,1,290.832,0,1,0,0.0,-4.64
[C][/C][C][C][C][C][C][Ring1][=Branch1][\C],"cis-1,2-Dimethylcyclohexane",-3.305,1,112.216,0,1,0,0.0,-4.3
[C][C][C][C][C][C][C][C][Ring1][=Branch1],Ethylcyclohexane,-3.245,1,112.216,0,1,1,0.0,-4.25
[C][C][C][C][C][C][C][Ring1][=Branch1],Methylcyclohexane ,-2.891,1,98.189,0,1,0,0.0,-3.85
[C][/C][C][C][C][Branch1][C][\C][C][C][Ring1][#Branch1],"trans-1,4-Dimethylcyclohexane",-3.305,1,112.216,0,1,0,0.0,-4.47
[C][C][C][C][Branch1][C][O][C][C][Branch1][P][C][C][C][=C][C][=Branch1][C][=O][C][=C][C][Ring1][O][Ring1][#Branch1][C][C][Ring1][P][C][C][C][Ring2][Ring1][Ring2][Branch1][C][O][C][=Branch1][C][=O][C][O],Prednisolone,-2.974,1,360.4500000000002,3,4,2,94.83,-3.18
[C][C][C][C][C][C][C][C][=C][C][=Branch1][C][=O][C][=C][C][Ring1][#Branch1][Branch1][C][C][C][Ring1][N][Branch1][C][F][C][Branch1][C][O][C][C][Ring2][Ring1][C][Branch1][C][C][C][Ring2][Ring1][=Branch1][Branch1][C][O][C][=Branch1][C][=O][C][O],Dexamethasone,-3.4,1,392.4670000000002,3,4,2,94.83,-3.59
[C][C][C][C][C][C][C][C][Branch1][C][O][Branch1][=Branch1][C][=Branch1][C][=O][C][C][Ring1][=Branch2][Branch1][C][C][C][C][Branch1][C][O][C][Ring1][#C][Branch1][C][F][C][Branch1][C][C][C][=C][C][=Branch1][C][=O][C][=C][Ring2][Ring1][#Branch2][Ring1][Branch2],Fluoromethalone,-3.507,1,376.4680000000001,2,4,1,74.6,-4.099
[C][C][C][C][C][C][C][Branch1][C][F][C][=C][C][=Branch1][C][=O][C][=C][C][Ring1][#Branch1][Branch1][C][C][C][Ring1][=N][Branch1][C][F][C][Branch1][C][O][C][C][Ring2][Ring1][Ring1][Branch1][C][C][C][Ring2][Ring1][#Branch1][Branch1][C][O][C][=Branch1][C][=O][C][O],Flumethasone,-3.539,1,410.4570000000002,3,4,2,94.83,-5.613
[C][C][C][C][C][=Branch1][C][=O][O][C][Branch2][Ring2][O][C][Branch1][C][C][C][C][C][C][C][C][=C][C][=Branch1][C][=O][C][=C][C][Ring1][#Branch1][Branch1][C][C][C][Ring1][N][Branch1][C][F][C][Branch1][C][O][C][C][Ring2][Ring1][=Branch1][Ring2][Ring1][C][C][C][=Branch1][C][=O][C][O],Betamethasone-17-valerate,-5.062,1,476.5850000000002,2,4,6,100.90000000000002,-4.71
[C][C][C][C][Branch1][C][O][C][Branch1][C][F][C][Branch1][P][C][C][C][=C][C][=Branch1][C][=O][C][=C][C][Ring1][N][Ring1][#Branch1][C][C][Ring2][Ring1][C][C][C][Branch1][C][O][C][Ring2][Ring1][=Branch1][Branch1][C][O][C][=Branch1][C][=O][C][O],Triamcinolone,-2.734,1,394.43900000000014,4,4,2,115.06000000000002,-3.68
[C][O][C][=C][N][=C][N][=C][N][=C][C][Ring1][=Branch1][=N][Ring1][#Branch2],6-methoxypteridine,-1.589,1,162.15200000000002,0,2,1,60.790000000000006,-1.139
[C][O][C][=N][C][=C][N][=C][C][=N][C][Ring1][=Branch1][=N][Ring1][#Branch2],2-methoxypteridine,-1.589,1,162.152,0,2,1,60.790000000000006,-1.11
[C][=C][N][=C][N][=C][N][=C][C][Ring1][=Branch1][=N][Ring1][#Branch2],Pteridine,-0.906,2,132.12599999999998,0,2,0,51.56,0.02
[C][C][=N][C][=C][N][=C][C][=N][C][Ring1][=Branch1][=N][Ring1][#Branch2],2-methylpteridine,-1.24,1,146.153,0,2,0,51.56,-0.12
[C][C][=C][N][=C][C][=N][C][=N][C][Ring1][=Branch1][=N][Ring1][#Branch2],7-methylpteridine,-1.24,1,146.153,0,2,0,51.56,-0.8540000000000001
[C][C][=N][C][=N][C][=N][C][=C][N][=C][Ring1][#Branch2][Ring1][=Branch1],4-methylpteridine,-1.24,1,146.15299999999996,0,2,0,51.56,-0.466
[O][C][=N][C][=C][N][=C][C][=N][C][Ring1][=Branch1][=N][Ring1][#Branch2],2-hydroxypteridine,-1.404,1,148.125,1,2,0,71.79,-1.947
[C][O][C][=C][N][=C][C][=N][C][=N][C][Ring1][=Branch1][=N][Ring1][#Branch2],7-methoxypteridine,-1.589,1,162.152,0,2,1,60.790000000000006,-0.91
[O][=C][N][C][=Branch1][C][=O][C][Branch1][Ring2][N][Ring1][=Branch1][Branch1][=Branch2][C][=C][C][=C][C][=C][Ring1][=Branch1][C][=C][C][=C][C][=C][Ring1][=Branch1],Phenytoin,-3.057,1,252.273,2,3,2,58.2,-4.097
[O][=C][N][Branch1][O][C][O][C][=Branch1][C][=O][C][C][C][C][C][=Branch1][C][=O][C][Branch1][Ring2][N][Ring1][=C][Branch1][=Branch2][C][=C][C][=C][C][=C][Ring1][=Branch1][C][=C][C][=C][C][=C][Ring1][=Branch1],3-Pentanoyloxymethylphenytoin,-3.81,1,366.417,1,3,7,75.71,-4.678
[O][=C][N][Branch1][=C][C][O][C][=Branch1][C][=O][C][C][C][C][C][C][C][C][=Branch1][C][=O][C][Branch1][Ring2][N][Ring1][P][Branch1][=Branch2][C][=C][C][=C][C][=C][Ring1][=Branch1][C][=C][C][=C][C][=C][Ring1][=Branch1],3-Octanoyloxymethylphenytoin,-4.84,1,408.498,1,3,10,75.71,-6.523
[O][=C][N][Branch1][N][C][O][C][=Branch1][C][=O][C][C][C][C][C][C][=Branch1][C][=O][C][Branch1][Ring2][N][Ring1][#C][Branch1][=Branch2][C][=C][C][=C][C][=C][Ring1][=Branch1][C][=C][C][=C][C][=C][Ring1][=Branch1],3-Hexanoyloxymethylphenyltoin,-4.1530000000000005,1,380.444,1,3,8,75.71,-5.886
[O][=C][N][Branch1][#Branch2][C][O][C][=Branch1][C][=O][C][C][C][C][=Branch1][C][=O][C][Branch1][Ring2][N][Ring1][=N][Branch1][=Branch2][C][=C][C][=C][C][=C][Ring1][=Branch1][C][=C][C][=C][C][=C][Ring1][=Branch1],3-Butanoyloxymethylphenytoin,-3.469,1,352.39000000000004,1,3,6,75.71,-5.071000000000001
[O][=C][N][Branch1][=N][C][O][C][=Branch1][C][=O][C][C][C][C][C][C][C][=Branch1][C][=O][C][Branch1][Ring2][N][Ring1][S][Branch1][=Branch2][C][=C][C][=C][C][=C][Ring1][=Branch1][C][=C][C][=C][C][=C][Ring1][=Branch1],3-Heptanoyloxymethylphenytoin,-4.496,1,394.471,1,3,9,75.71,-6.301
[O][=C][N][Branch1][=Branch2][C][O][C][=Branch1][C][=O][C][C][C][=Branch1][C][=O][C][Branch1][Ring2][N][Ring1][N][Branch1][=Branch2][C][=C][C][=C][C][=C][Ring1][=Branch1][C][=C][C][=C][C][=C][Ring1][=Branch1],3-Propanoyloxymethylphenytoin,-3.128,1,338.36300000000006,1,3,5,75.71,-4.907
[O][=C][N][Branch1][Branch2][C][O][C][=Branch1][C][=O][C][C][=Branch1][C][=O][C][Branch1][Ring2][N][Ring1][O][Branch1][=Branch2][C][=C][C][=C][C][=C][Ring1][=Branch1][C][=C][C][=C][C][=C][Ring1][=Branch1],3-Ethanoyloxymethylphenytoin,-2.7230000000000003,1,324.33600000000007,1,3,4,75.71,-4.47
[C][C][NH1][C][=Branch1][C][=O][N][Branch1][=Branch2][C][=Branch1][C][=O][C][=Ring1][Branch2][Cl][C][Branch1][C][C][Branch1][C][C][C],Terbacil,-3.033,1,216.668,1,1,0,54.86,-2.484
[C][N][C][=C][C][=Branch1][C][=O][NH1][C][Ring1][#Branch1][=O],1-methyluracil,-0.375,1,126.115,1,1,0,54.86,-0.807
[C][S][C][S][=Branch1][C][=O][C][C][Branch1][Ring1][C][O][N][C][=Branch1][C][=O][C][=C][C][=C][Branch1][C][C][NH1][C][=Branch1][C][=O][NH1][C][Ring1][Branch2][=O],"Sparsomycin (3,8mg/ml)",-1.57,1,361.4450000000001,4,1,8,132.11999999999998,-1.981
[C][C][Branch1][C][C][C][Branch2][Ring1][=C][C][=Branch1][C][=O][O][C][Branch1][Ring1][C][#N][C][=C][C][=C][C][Branch1][#Branch2][O][C][=C][C][=C][C][=C][Ring1][=Branch1][=C][Ring1][=N][C][Ring2][Ring1][#Branch1][Branch1][C][C][C],Fenpropathrin,-6.15,1,349.43000000000006,0,3,5,59.32000000000001,-6.025
[C][C][Branch1][C][C][C][Branch1][=C][C][=C][Branch1][C][Cl][C][Branch1][C][F][Branch1][C][F][F][C][Ring1][O][C][=Branch1][C][=O][O][C][Branch1][Ring1][C][#N][C][=C][C][=C][C][Branch1][#Branch2][O][C][=C][C][=C][C][=C][Ring1][=Branch1][=C][Ring1][=N],Cyhalothrin,-6.905,1,449.8560000000001,0,3,6,59.32000000000001,-8.176
[C][C][Branch1][C][C][C][Branch1][#Branch1][C][=C][Branch1][C][Cl][Cl][C][Ring1][Branch2][C][=Branch1][C][=O][O][C][Branch1][Ring1][C][#N][C][=C][C][=C][C][Branch1][#Branch2][O][C][=C][C][=C][C][=C][Ring1][=Branch1][=C][Ring1][=N],Cypermethrin,-6.775,1,416.30400000000014,0,3,6,59.32000000000001,-8.017000000000001
[C][C][Branch1][C][C][C][Branch1][#Branch1][C][=C][Branch1][C][Cl][Cl][C][Ring1][Branch2][C][=Branch1][C][=O][O][C][C][=C][C][=C][C][Branch1][#Branch2][O][C][=C][C][=C][C][=C][Ring1][=Branch1][=C][Ring1][=N],Permethrin,-7.129,1,391.2940000000001,0,3,6,35.53,-6.291
[C][C][Branch1][C][C][C][Branch1][#Branch1][C][=C][Branch1][C][Br][Br][C][Ring1][Branch2][C][=Branch1][C][=O][O][C][Branch1][Ring1][C][#N][C][=C][C][=C][C][Branch1][#Branch2][O][C][=C][C][=C][C][=C][Ring1][=Branch1][=C][Ring1][=N],Deltamethrin,-7.44,1,505.2060000000002,0,3,6,59.32000000000001,-8.402000000000001
[C][C][Branch1][C][C][C][Branch1][#Branch1][C][=C][Branch1][C][Cl][Cl][C][Ring1][Branch2][C][=Branch1][C][=O][O][C][Branch1][Ring1][C][#N][C][=C][C][=C][Branch1][C][F][C][Branch1][#Branch2][O][C][=C][C][=C][C][=C][Ring1][=Branch1][=C][Ring1][=C],Cyfluthrin,-6.84,1,434.29400000000015,0,3,6,59.32000000000001,-7.337000000000001
[O][C][=C][C][Branch1][C][Cl][=C][C][=C][Ring1][#Branch1][O][C][=C][C][=C][Branch1][C][Cl][C][=C][Ring1][#Branch1][Cl],Triclosan,-5.645,1,289.545,1,2,2,29.46,-4.46
[C][C][O][C][=Branch1][C][=O][N][C][C][O][C][=C][C][=C][Branch1][#Branch2][O][C][=C][C][=C][C][=C][Ring1][=Branch1][C][=C][Ring1][=N],Fenoxycarb,-4.662,1,301.34200000000004,1,2,7,56.790000000000006,-4.7
[O][Branch1][=Branch2][C][=C][C][=C][C][=C][Ring1][=Branch1][C][=C][C][=C][C][=C][Ring1][=Branch1],Diphenyl ether ,-4.254,2,170.211,0,2,2,9.23,-3.96
[C][O][C][=C][C][=C][Branch2][Ring1][=Branch1][O][C][=C][C][=C][Branch1][O][N][C][=Branch1][C][=O][N][Branch1][C][C][C][C][=C][Ring1][N][C][=C][Ring2][Ring1][Ring1],Difenoxuron,-3.928,1,286.331,1,2,4,50.8,-4.16
[C][N][Branch1][C][C][C][=Branch1][C][=O][N][C][=C][C][=C][Branch1][=N][O][C][=C][C][=C][Branch1][C][Cl][C][=C][Ring1][#Branch1][C][=C][Ring1][=C],Chloroxuron,-4.477,1,290.75,1,2,3,41.57000000000001,-4.89
[C][=C][C][=C][C][=C][C][=C][C][=C][C][Ring1][=Branch1][=C][C][Ring1][#Branch2][=C][Ring1][=C],Anthracene,-4.518,2,178.23399999999995,0,3,0,0.0,-6.35
[C][C][=C][C][=C][C][=C][C][=C][C][=C][C][Ring1][=Branch1][=C][C][Ring1][#Branch2][=C][Ring1][=C],2-Methylanthracene,-4.87,1,192.261,0,3,0,0.0,-6.96
[C][C][=C][C][=C][C][=C][C][Ring1][=Branch1][=C][Branch1][C][C][C][=C][C][=C][C][=C][Ring1][#C][Ring1][=Branch1],"9,10-Dimethylanthracene",-5.228,1,206.288,0,3,0,0.0,-6.57
[C][C][=C][C][=C][C][=C][C][Ring1][=Branch1][=C][C][=C][C][=C][C][=C][Ring1][=C][Ring1][=Branch1],9-Methylanthracene,-4.87,1,192.261,0,3,0,0.0,-5.89
[C][N][C][=Branch1][C][=O][C][N][=C][Branch1][=Branch2][C][=C][C][=C][C][=C][Ring1][=Branch1][C][=C][C][Branch1][C][Cl][=C][C][=C][Ring2][Ring1][Ring1][Ring1][#Branch1],Diazepam,-4.05,1,284.74600000000004,0,3,1,32.67,-3.754
[O][C][N][=C][Branch1][#Branch2][C][=C][C][=C][C][=C][Ring1][=Branch1][Cl][C][=C][C][Branch1][C][Cl][=C][C][=C][Ring1][#Branch1][N][C][Ring2][Ring1][Ring1][=O],Lorazepam,-3.75,1,321.163,2,3,1,61.690000000000005,-3.604
[C][=C][N][=C][N][=C][Ring1][=Branch1],Pyrimidine,-0.884,2,80.08999999999999,0,1,0,25.78,1.1
[C][C][O][P][=Branch1][C][=S][Branch1][Ring2][O][C][C][O][C][=C][C][Branch1][C][C][=N][C][=Branch1][Ring2][=N][Ring1][#Branch1][C][Branch1][C][C][C],Diazinon,-3.989,1,304.35200000000003,0,1,7,53.47,-3.64
[C][N][Branch1][C][C][C][=Branch1][C][=O][O][C][=N][C][=Branch1][#Branch2][=N][C][Branch1][C][C][=C][Ring1][#Branch1][C][N][Branch1][C][C][C],Pirimicarb,-2.34,1,238.291,0,1,2,58.56000000000001,-1.95
[C][=C][C][=C][N][=C][C][=C][C][Ring1][=Branch1][=C][Ring1][#Branch2],Quinoline,-2.6630000000000003,2,129.16199999999998,0,2,0,12.89,-1.3
[C][=C][C][=C][C][=C][C][Branch1][C][C][=C][C][=C][C][=C][C][=C][Ring1][=Branch1][C][Ring1][O][=C][C][=C][Ring2][Ring1][Ring1][Ring1][#C],5-Methylchrysene,-5.931,1,242.321,0,4,0,0.0,-6.59
[C][C][=C][Branch1][C][C][C][=C][C][=C][C][=C][C][Ring1][=Branch1][=C][C][=C][Ring1][#Branch2][C][=C][C][=C][C][=C][Ring2][Ring1][Ring1][Ring1][=Branch1],"5,6-Dimethylchrysene",-6.265,1,256.348,0,4,0,0.0,-7.01
[C][=C][C][=C][C][=Branch1][Ring2][=C][Ring1][=Branch1][C][=C][C][=C][C][=C][C][=C][C][Ring1][=Branch1][=C][C][=C][Ring1][#C][Ring1][#Branch2],Chrysene,-5.568,2,228.294,0,4,0,0.0,-8.057
[C][C][=C][C][=C][C][=C][C][=C][C][Ring1][=Branch1][=C][C][=C][Ring1][#Branch2][C][=C][C][=C][C][=C][Ring2][Ring1][C][Ring1][=Branch1],6-Methylchrysene,-5.931,1,242.321,0,4,0,0.0,-6.57
[C][N][C][=Branch1][C][=O][N][Branch1][C][C][C][N][=C][N][Branch1][Branch2][C][C][Branch1][C][O][C][O][C][=Ring1][#Branch2][C][Ring1][S][=O],Dyphylline,-0.847,1,254.24599999999995,2,2,3,102.28,-0.17
[C][N][C][=Branch1][C][=O][N][Branch1][C][C][C][N][=C][NH1][C][=Ring1][Branch1][C][Ring1][O][=O],Theophylline,-1.452,1,180.167,1,2,0,72.68,-1.39
[C][N][C][=N][C][N][Branch1][C][C][C][=Branch1][C][=O][N][Branch1][C][C][C][=Branch1][C][=O][C][Ring1][=N][=Ring1][#Branch2],Caffeine,-1.4980000000000002,1,194.194,0,2,0,61.82,-0.8759999999999999
[C][C][=C][C][=C][C][Branch1][C][C][=C][Ring1][#Branch1][N][C][=Branch1][C][=O][C][=C][C][=Branch1][#Branch2][=C][Branch1][C][Cl][C][=C][Ring1][#Branch1][O][S][Branch1][C][N][=Branch1][C][=O][=O],Xipamide,-3.642,1,354.8150000000001,3,2,3,109.48999999999998,-3.79
[C][=C][Branch1][#C][N][C][=Branch1][C][=O][C][=C][C][=C][C][=C][Ring1][=Branch1][I][C][=C][C][=C][Ring1][S],benodanil,-4.245,1,323.133,1,2,2,29.1,-4.21
[C][=C][C][=C][C][=C][Ring1][=Branch1][N][C][=Branch1][C][=O][C][=C][Branch1][C][O][C][=C][C][=C][Ring1][#Branch1],salicylanilide,-3.782,1,213.236,2,2,2,49.33,-3.59
[C][C][O][P][=Branch1][C][=S][Branch1][Ring2][O][C][C][N][C][=Branch1][C][=O][C][=C][C][=C][C][=C][Ring1][=Branch1][C][Ring1][#Branch2][=O],Ditalimfos,-3.992,1,299.28800000000007,0,2,5,55.84,-3.35
[C][C][O][P][=Branch1][C][=S][Branch1][Ring2][O][C][C][S][C][Branch1][Ring1][C][Cl][N][C][=Branch1][C][=O][C][=C][C][=C][C][=C][Ring1][=Branch1][C][Ring1][#Branch2][=O],Dialifor,-5.026,1,393.85400000000016,0,2,8,55.84,-6.34
[C][C][O][P][=Branch1][C][=S][Branch1][Ring2][O][C][C][S][C][Branch1][Ring1][C][Cl][N][C][=Branch1][C][=O][C][=C][C][=C][C][=C][Ring1][=Branch1][C][Ring1][#Branch2][=O],Dialifos,-5.026,1,393.85400000000016,0,2,8,55.84,-6.34
[C][C][C][C][C][Ring1][Branch1],Cyclopentane ,-2.0380000000000003,2,70.135,0,1,0,0.0,-2.64
[C][C][C][C][C][C][C][C][C][C][Ring1][Branch1],Pentylcyclopentane,-3.869,1,140.26999999999998,0,1,4,0.0,-6.08
[C][C][C][C][C][C][Ring1][Branch1],Methylcyclopentane,-2.452,1,84.162,0,1,0,0.0,-3.3
[C][C][C][C][C][C][C][C][Ring1][Branch1],Propylcyclopentane,-3.16,1,112.216,0,1,2,0.0,-4.74
[C][C][C][C][C][C][Branch1][S][C][C][C][=C][C][Branch1][C][O][=C][C][=C][Ring1][O][Ring1][#Branch1][C][Ring1][#C][C][C][C][Ring2][Ring1][C][O],Estradiol,-4.138,1,272.388,2,4,0,40.46,-5.03
[C][N][C][C][=N][N][Branch2][Ring1][Ring1][C][=C][C][=C][C][=Branch1][Ring2][=C][Ring1][=Branch1][C][Branch1][C][F][Branch1][C][F][F][C][=Branch1][C][=O][C][=Ring1][P][Cl],norflurazon,-4.029,1,303.67100000000005,1,2,2,46.92,-4.046
[N][C][C][=N][N][Branch1][=Branch2][C][=C][C][=C][C][=C][Ring1][=Branch1][C][=Branch1][C][=O][C][=Ring1][=N][Cl],Pyrazon,-2.603,1,221.647,1,2,1,60.91,-2.878
[C][=C][C][=C][C][=C][Ring1][=Branch1][N][N][=C][C][Branch1][C][N][=C][Branch1][C][Br][C][Ring1][Branch2][=O],brompyrazone,-3.005,1,266.098,1,2,1,60.91,-3.127
[O][=C][N][C][=Branch1][C][=O][N][C][=Branch1][C][=O][C][Ring1][Branch2][Branch1][Ring2][C][C][=C][C][=C][C][=C][C][=C][Ring1][=Branch1],5-Allyl-5-phenylbarbital,-2.36,1,244.25,2,2,3,75.27000000000001,-2.369
[O][=C][N][C][=Branch1][C][=O][N][C][=Branch1][C][=O][C][Ring1][Branch2][Branch1][Ring1][C][C][C][=C][C][=C][C][=C][Ring1][=Branch1],5-Ethyl-5-phenylbarbital,-2.272,1,232.239,2,2,2,75.27000000000001,-2.322
[C][C][C][O][C][C][Ring1][=Branch1],Tetrahydropyran ,-0.978,2,86.134,0,1,0,9.23,-0.03
[O][C][C][O][C][Branch1][C][O][C][Branch1][C][O][C][Branch1][C][O][C][Ring1][=Branch2][O],glucose,0.501,1,180.156,5,1,1,110.38,0.74
[C][O][C][Branch1][C][O][C][Branch1][C][O][C][Branch1][C][O][C][Ring1][=Branch2][O],L-arabinose,0.601,1,150.13,4,1,0,90.15,0.39
[C][C][=C][C][C][C][C][Ring1][=Branch1],1-Methylcyclohexene ,-2.574,1,96.17300000000002,0,1,0,0.0,-3.27
[C][C][C][C][=C][C][Ring1][=Branch1],Cyclohexene,-2.16,2,82.146,0,1,0,0.0,-2.59
[C][C][=C][C][C][Branch1][Branch1][C][C][Ring1][=Branch1][C][Branch1][C][C][=C],d-Limonene,-3.429,1,136.238,0,1,1,0.0,-4.26
[C][C][=Branch1][C][=C][C][C][C][=C][Branch1][C][C][C][=Branch1][C][=O][C][Ring1][Branch2],Carvone,-2.042,1,150.22099999999998,0,1,1,17.07,-2.06
[C][C][C][Branch1][P][C][Branch1][Ring1][C][C][C][=C][C][=C][Branch1][C][O][C][=C][Ring1][#Branch1][C][=C][C][=C][Branch1][C][O][C][=C][Ring1][#Branch1],Hexestrol,-4.854,1,270.372,2,2,5,40.46,-4.43
[C][=C][C][=C][C][=C][Ring1][=Branch1][C][Branch1][C][O][C][Branch1][C][O][C][=C][C][=C][C][=C][Ring1][=Branch1],hydrobenzoin,-2.645,1,214.264,2,2,3,40.46,-1.93
[C][Branch1][#Branch2][C][C][=C][C][=C][C][=C][Ring1][=Branch1][C][=C][C][=C][C][=C][Ring1][=Branch1],Bibenzyl ,-4.301,2,182.266,0,2,3,0.0,-4.62
[C][C][=C][C][=C][C][Branch1][=N][C][=C][C][=C][C][=C][C][=C][Ring1][=Branch1][Ring1][#Branch2][=C][Ring1][=C],2-Methylphenanthrene,-4.87,1,192.261,0,3,0,0.0,-5.84
[C][=C][C][=C][C][=Branch1][Ring2][=C][Ring1][=Branch1][C][=C][C][=C][C][=C][C][=C][Ring1][=Branch1][Ring1][O],Phenanthrene,-4.518,2,178.23399999999998,0,3,0,0.0,-5.26
[C][C][=C][C][=C][C][=C][Ring1][=Branch1][C][=C][C][=C][C][=C][C][=C][Ring1][=Branch1][Ring1][#Branch2],1-Methylphenanthrene,-4.87,1,192.261,0,3,0,0.0,-5.85
[C][C][C][C][C][C][C][C][Ring1][Branch2],Cyclooctane,-3.355,2,112.216,0,1,0,0.0,-4.15
[O][C][C][C][C][C][C][C][C][Ring1][Branch2],Cyclooctanol,-2.14,1,128.215,1,1,0,20.23,-1.29
[C][N][Branch1][C][C][C][=Branch1][C][=O][N][C][C][C][C][C][C][C][C][Ring1][Branch2],Cycluron,-2.629,1,198.30999999999992,1,1,1,32.34,-2.218
[C][C][O][C][O][C][=C][C][=C][Branch1][#Branch2][O][S][Branch1][C][C][=Branch1][C][=O][=O][C][=C][Ring1][O][C][Ring1][=C][Branch1][C][C][C],ethofumesate,-3.184,1,286.34900000000005,0,2,4,61.830000000000005,-3.42
[C][N][C][=Branch1][C][=O][O][C][=C][C][=C][C][C][C][Branch1][C][C][Branch1][C][C][O][C][Ring1][O][=Ring1][#Branch1],Carbofuran,-3.05,1,221.256,1,2,1,47.56,-2.8
[C][C][O][C][=Branch1][C][=O][C][C][N][Branch2][Ring1][=C][S][N][Branch1][C][C][C][=Branch1][C][=O][O][C][=C][C][=C][C][C][C][Branch1][C][C][Branch1][C][C][O][C][=Ring1][#Branch1][Ring1][O][C][Branch1][C][C][C],Benfuracarb,-5.132999999999999,1,410.5360000000002,0,2,8,68.31,-4.71
[O][C][C][O][C][Branch1][C][O][Branch1][Ring1][C][O][C][Branch1][C][O][C][Ring1][=Branch2][O],Fructose,0.471,1,180.156,5,1,2,110.38,0.64
[C][C][C][C][C][O][Ring1][Branch1],2-Methyltetrahydrofurane,-1.034,1,86.134,0,1,0,9.23,0.11
[C][C][C][O][C][Ring1][Branch1],Tetrahydrofurane ,-0.62,2,72.107,0,1,0,9.23,0.49
[C][C][=Branch1][C][=O][C][C][C][C][=Branch1][C][=O][N][Branch1][S][N][Branch1][Branch1][C][Ring1][=Branch1][=O][C][=C][C][=C][C][=C][Ring1][=Branch1][C][=C][C][=C][C][=C][Ring1][=Branch1],kebuzone,-2.645,1,322.36400000000003,0,3,5,57.690000000000005,-3.27
[C][C][=C][O][C][=Ring1][Branch1],Furane,-1.837,2,68.07499999999999,0,1,0,13.14,-0.82
[O][=C][C][=C][C][=C][O][Ring1][Branch1],Furfural,-1.391,1,96.08499999999998,0,1,1,30.21,-0.1
[C][C][=C][Branch1][C][N][C][=Branch1][C][=O][N][Branch1][=Branch2][C][=C][C][=C][C][=C][Ring1][=Branch1][N][Ring1][=N][C],ampyrone,-1.192,1,203.245,1,2,1,52.95,-0.624
[C][C][=C][C][=Branch1][C][=O][N][Branch1][=Branch2][C][=C][C][=C][C][=C][Ring1][=Branch1][N][Ring1][N][C],Antipyrene,-1.733,1,188.23,0,2,1,26.93,0.715
[N][C][=N][C][=Branch1][C][=O][NH1][C][=C][Ring1][#Branch1][F],Flucytosine,-0.132,1,129.09399999999997,2,1,0,71.77,-0.972
[Cl][C][C][=C][C][C][Ring1][Branch1][C][Branch1][C][Cl][C][=Branch2][Ring1][C][=C][Branch1][C][Cl][C][Ring1][Branch2][Branch1][C][Cl][C][Ring1][Branch2][Branch1][C][Cl][Cl][Cl],Heptachlor,-5.26,1,373.3209999999999,0,3,0,0.0,-6.317
[C][O][C][=Branch1][C][=O][N][C][=C][C][=C][C][Branch2][Ring1][C][O][C][=Branch1][C][=O][N][C][=C][C][=C][C][Branch1][C][C][=C][Ring1][#Branch1][=C][Ring1][P],Phenmedipham,-4.229,1,300.314,2,2,3,76.66,-4.805
[C][C][=C][C][=C][C][=C][Ring1][=Branch1][C][C][=C][C][=C][C][=C][Ring1][=Branch1][Ring1][=Branch2],1-Methylfluorene,-4.478,1,180.25000000000003,0,3,0,0.0,-5.22
[C][C][=C][C][=C][C][=C][Ring1][=Branch1][C][=C][C][=C][C][=C][Ring1][=N][Ring1][=Branch1],Fluorene ,-4.125,2,166.22299999999998,0,3,0,0.0,-5.0
[C][C][Branch1][C][C][C][C][C][C][Ring1][=Branch1][Branch1][C][C][C][=Branch1][C][=O][C][Ring1][Branch2],Camphor,-2.158,1,152.237,0,2,0,17.07,-1.96
[C][C][Branch1][C][C][C][C][C][C][Branch1][C][C][Branch1][Ring2][C][Ring1][=Branch1][C][Ring1][=Branch2][=O],D-fenchone,-2.158,1,152.237,0,2,0,17.07,-1.85
[C][C][Branch1][C][C][C][C][C][C][Branch1][C][C][C][C][Ring1][#Branch1][=O],Menthone,-2.516,1,154.253,0,1,1,17.07,-2.35
[O][=C][C][C][C][C][C][Ring1][=Branch1],Cyclohexanone,-0.996,1,98.145,0,1,0,17.07,-0.6
[C][C][C][C][=C][C][=C][C][=C][Ring1][=Branch1][C][Ring1][#Branch2],"1,2,3,4-Tetrahydronapthalene",-3.447,2,132.20599999999996,0,2,0,0.0,-4.37
[C][=C][C][=N][N][=C][Ring1][=Branch1],Pyridazine,-0.619,2,80.08999999999999,0,1,0,25.78,1.1
[C][C][N][Branch1][Ring1][C][C][C][=Branch1][C][=O][C][S][C][=C][C][=C][Branch1][C][Cl][N][=N][Ring1][#Branch1],Azintamide,-2.231,1,259.762,0,1,5,46.09,-1.716
[C][N][Branch1][C][C][C][=Branch1][C][=O][N][C][=C][C][=C][Branch1][Branch2][C][Branch1][C][Cl][=C][Ring1][#Branch1][N][N][=C][Branch1][=Branch1][O][C][Ring1][Branch1][=O][C][Branch1][C][C][Branch1][C][C][C],Dimefuron,-3.831,1,338.79500000000013,1,2,2,80.37,-4.328
[C][C][Branch1][C][C][O][C][=C][C][=Branch1][#Branch2][=C][Branch1][C][Cl][C][=C][Ring1][#Branch1][Cl][N][N][=C][Branch1][=Branch1][O][C][Ring1][Branch1][=O][C][Branch1][C][C][Branch1][C][C][C],Oxadiazon,-5.265,1,345.22600000000017,0,2,3,57.26,-5.696000000000001
[N][C][=C][C][=C][Branch1][Branch1][C][=C][Ring1][=Branch1][S][=Branch1][C][=O][=Branch1][C][=O][C][=C][C][=C][Branch1][C][N][C][=C][Ring1][#Branch1],Dapsone,-2.464,1,248.307,2,2,2,86.18,-3.094
[C][C][=C][C][=Branch2][Ring1][=Branch1][=C][C][=C][Ring1][=Branch1][N][S][=Branch1][C][=O][=Branch1][C][=O][C][Branch1][C][F][Branch1][C][F][F][S][=Branch1][C][=O][=Branch1][C][=O][C][=C][C][=C][C][=C][Ring1][=Branch1],Perfluidone,-4.945,1,379.381,1,2,4,80.31,-3.8
[C][C][C][C][C][Branch1][Branch1][C][C][Ring1][=Branch1][C][Branch1][C][C][Branch1][C][C][O][Ring1][#Branch2],"1,8-Cineole",-2.579,1,154.253,0,3,0,9.23,-1.74
[C][C][O][P][=Branch1][C][=S][Branch1][Ring2][O][C][C][O][C][N][=C][Branch1][C][Cl][N][Branch1][Ring2][N][=Ring1][=Branch1][C][Branch1][C][C][C],Isazofos,-3.76,1,313.747,0,1,7,58.4,-3.658
[N][C][N][=C][NH1][N][=Ring1][Branch1],Amitrole,-0.674,1,84.082,2,1,0,67.59,0.522
[C][C][C][C][C][C][Branch1][P][C][C][C][C][C][Branch1][C][O][C][C][C][Ring1][O][Ring1][#Branch1][C][C][Ring1][S][C][C][C][Ring2][Ring1][Ring1][=O],Epiandrosterone,-3.882,1,290.447,1,4,0,37.3,-4.16
[C][C][C][C][C][Branch1][C][O][C][C][Ring1][#Branch1][C][C][C][C][Ring1][O][C][C][C][Branch1][C][C][C][Ring1][#Branch1][C][C][C][Ring1][=Branch1][=O],Androsterone,-3.882,1,290.447,1,4,0,37.3,-4.402
[C][C][=Branch1][C][=O][C][Branch1][C][C][C][C][C][C][C][=C][Branch1][C][C][C][=C][C][=Branch1][C][=O][C][C][C][Ring1][#Branch1][Branch1][C][C][C][Ring1][=N][C][C][C][Ring2][Ring1][Branch1][Ring1][P][C],Medrogestone,-4.593,1,340.5070000000001,0,4,1,34.14,-5.27
[F][C][=C][C][=C][C][Branch1][C][F][=C][Ring1][#Branch1][C][=Branch1][C][=O][N][C][=Branch1][C][=O][N][C][=C][C][=C][Branch1][C][Cl][C][=C][Ring1][#Branch1],difluron,-4.692,1,310.687,2,2,2,58.2,-6.02
